:100000000020704708B5406803681B6998470038AE
:1000100018BF012008BD10B51446406803685B682E
:100020009847204610BD10B404680968E46BA446E4
:100030005DF8044B604703680A46DB6C1847072AE3
:1000400010B510D80B290ED80C2404FB02009DF823
:10005000082001449DF80C000243134314BF012300
:10006000002381F8553010BD70470000004B184741
:100070000000000000490847000000000148024B52
:10008000184700BF000000000000000070B50446E3
:100090000D46164600214068044B984732462946D3
:1000A0006068034BBDE87040184700BF00000000C7
:1000B0000000000013B5064B0C46012201A9984729
:1000C000012812BF00209DF80430237002B010BD3B
:1000D0000000000010B504460821024B9847204656
:1000E00010BD00BF0000000010B50446024B0360C5
:1000F000024B9847204610BD080000000000000099
:1001000010B50446034B98472046E821024B984718
:10011000204610BD0000000000000000012A10B5BC
:100120000C4602D10160002010BD022A05D0032A2E
:10013000F9D0002AF7D10260F5E70146024B04200E
:10014000984723680360EEE70000000070B516468C
:100150001A460446049B0D681B6812683168A8475C
:10016000204670BD012A10B50C4602D10160002066
:1001700010BD022A05D0032AF9D0002AF7D1026067
:10018000F5E70146024B0420984723680360EEE739
:100190000000000010B504460B681168984720461F
:1001A00010BD0000012A10B50C4602D101600020EC
:1001B00010BD022A05D0032AF9D0002AF7D1026027
:1001C000F5E70146024B0420984723680360EEE7F9
:1001D0000000000010B504460B689847204610BD8B
:1001E00038B50C1A002C134605DD01462246184688
:1001F000024DA8470346181938BD00BF0000000093
:1002000070B504460D46054EB04705F10C0104F1EA
:100210000C00B047AB69A36170BD00BF00000000D7
:10022000002810B506D001DA034B9847034BBDE810
:100230001040184710BD00BF000000000000000083
:100240009B088B4228BF0B46002130B58B4202F140
:10025000040200D130BD50F821400131250E02F8D2
:10026000045C250C02F8035C250A02F8025C02F823
:10027000014CEBE7F0B501280D4685B025D10023F0
:10028000CDE90133039301A91C460022E743E610A0
:10029000AE5D07F007073E41F60742BF0E7800FA51
:1002A00002F73E4302F1010248BF0E70082A04F132
:1002B0000C04EBD101330C2B01F10101E4D101ABB2
:1002C00003CB286018686960A86005B0F0BD000025
:1002D000004B184700000000004B184700000000CA
:1002E0000A200021004B18470000000010B5836869
:1002F000044613B1032201469847204610BD000072
:1003000010B50446034B40F8043B034B9847204686
:1003100010BD00BF080000000000000010B504463A
:10032000034B984720461421024B9847204610BDA6
:10033000000000000000000010B50446034B40F828
:10034000043B034B9847204610BD00BF0800000047
:100350000000000010B50446034B984720461421C6
:10036000024B9847204610BD00000000000000002E
:1003700010B50446034B40F8043B034B9847204616
:1003800010BD00BF080000000000000010B50446CA
:10039000034B984720461421024B9847204610BD36
:1003A0000000000000000000D0E901239B1A026950
:1003B000B2EBA30F84BF00234375407D7047D0E9A3
:1003C0000132934218BF836000230361838203607C
:1003D000704710B5D0E901431B1BB1EBA30F3DBF24
:1003E00054F821300068D218002038BF801810BDA2
:1003F00070B5074E051D044631462846054B984703
:100400000023314623602846034B9847204670BDA1
:10041000EB25000000000000000000000022C0E901
:100420000022C0E9022202618282704738B54FF48F
:10043000807200210C4B0446002598474FF0FF3393
:100440000A49C4E94053C4F80851094B04F58670C1
:100450009847C4E94655C4E94855064B04F59470DD
:100460009847204638BD00BF00000000EB25000083
:10047000000000000000000038B5044600F1380517
:100480004FF0FF3205494FF0FF332846884794F874
:1004900060412846024B9847204638BD00000000C6
:1004A0000000000010B50024C0E93041D0F8E01091
:1004B00080F8BC30022914BF0C2130210431B2FB7A
:1004C000F1F2C0F8C82010BD70B590F8E4300446D1
:1004D0000D461646A3B1D0F8D80094F8DC10036896
:1004E000DB6A9847D4F8D8003246036829465B682F
:1004F0009847D4F8D800BDE8704003685B6B184794
:1005000070BD00002DE9F041D0F8E0300446022B28
:1005100014BF0C253025EB1D03F0780300AFADEBC5
:10052000030DD4F8C030281D584394F8BC306E46F3
:10053000D4F8C4C00BB32B466A46DFF85880A9082C
:100540006044C047D4F8E000D4F8C02002280CBFB3
:1005500030210C210B1D5343D4F8C4200A44D35836
:100560003146C4F8CC30084B98472A4631462046DD
:10057000064B9847BD46BDE8F0810CEB00012A46CA
:100580006846034B9847DDE70000000000000000CC
:10059000000000000000000010B504460B4B984717
:1005A000D4F8C030D4F8C8200133B3FBF2F102FB19
:1005B0001133C4F8C03043B9012384F8D130D4F8E2
:1005C000D43013B1BDE81040184710BD0000000042
:1005D000F0B583B0044690F8E40000AF002845D0A1
:1005E000D4F8D8000422036894F8DC10DB6B984739
:1005F0003D1DD4F8D80003681B69984706460028BB
:1006000037D103221F49204B781D984700280CBF83
:1006100030250C25EB1D03F07803ADEB030D2A46C6
:1006200031461A4B68469847D4F8D80094F8DC1045
:100630000368DB6A9847D4F8E030D4F8D800022B7E
:100640000CBF104B124B69461A889B78ADF80020FE
:100650008DF8023003682A465B689847D4F8D800C2
:1006600003685B6B9847B0FA80F040090C37BD46D1
:10067000F0BDD4F8D80003685B69984705F8010B12
:10068000B7E700BF88000000000000000000000085
:10069000A406000038B590F8E43005460BB10120FF
:1006A00038BDD0F8D8000368DB6998470123284695
:1006B00085F8E430064B984704460028EFD185F8CA
:1006C000E400D5F8D80003685B6A98472046E7E75E
:1006D000000000002DE9F0418AB004461849194B8A
:1006E00004A89847184B0A221968DFF8888001A8E7
:1006F000C047164E01A904A8B047154D1549A84793
:100700000746154B0A22196807A8C04707A93846AB
:10071000B0471249A8471249B0471249A847124B9F
:10072000014620469847114D07A8A84701A8A847A9
:100730000F4B04A8984720460AB0BDE8F08100BFDF
:1007400000000000000000000000000000000000A9
:10075000000000000A000000000000001900000076
:100760000000000025000000000000000000000064
:10077000000000000000000010B50446014B98473F
:10078000204610BD0000000030B50446081E85B0AC
:10079000204920DA402AA8BF4022012AB8BF0122FE
:1007A000002301A88B541C4B98471C4B01A91C48E3
:1007B00098471C4B01A8984728221B4B1A600C2213
:1007C0001A4B1A6002221A4B1A602046194B98479E
:1007D000204605B030BD0728A8BF072002F07F05DE
:1007E00001F8305001EBC001C2F306204870C2F39B
:1007F0000640C2F30662CA7003F07F020A71C3F3B7
:1008000006224A71C3F30642C3F3066388708A71F5
:10081000CB71DAE7000000000000000000000000DB
:1008200000000000000000000000000000000000C8
:10083000000000000000000010B50446006818B178
:10084000A168024B091A9847204610BD000000001D
:1008500008B50248024B984708BD00BF00000000E1
:100860000000000008B50248024B984708BD00BFD1
:10087000000000000000000030B5836885B00393DD
:100880000023D0E900420D68CDE9014205604D68C2
:1008900045608D688560C1E900338B6001A8024B1B
:1008A000984705B030BD00BF0000000010B5D0E98A
:1008B00001431B1BB1EBA30F3DBF036854F821108C
:1008C000D218002038BF505C10BD000008B5D0E938
:1008D0000132D31AB1EBA30F15D2114B0022984766
:1008E000030612D58F2812D99F2812D9BF2812D9F2
:1008F000C02807D0C12805D0C3280ED9E02828BFBA
:10090000E020C0B208BDC120FCE70020FAE780204B
:10091000F8E79020F6E7A020F4E7C220F2E700BF56
:100920000000000008B5024B0169984708BD00BFF0
:100930000000000008B5064B9847902806D02430E8
:10094000C0B201288CBF0020012008BD0120FCE7B7
:100950000000000008B5064B9847E02806D030306C
:10096000C0B203288CBF0020012008BD0120FCE795
:100970000000000070B50669D0E901239B1AB6EBB0
:10098000A30F044603D300234375002008E001258C
:10099000064B45759847C0282E4402D1284626614B
:1009A00070BD002326616375EFE700BF0000000003
:1009B00008B5064B9847802806D02230C0B20128DF
:1009C0008CBF0020012008BD0120FCE700000000D2
:1009D00008B5064B984730B13430C0B203288CBFFD
:1009E0000020012008BD0120FCE700BF000000003E
:1009F00073B50569D0E901639B1BB5EBA30F0446F2
:100A000004D3002343759FED100A17E001234375BB
:100A10000E4B9847CA2805F1010311D1236156F8FE
:100A200025002268031D134401A9024413F801099B
:100A30009A4201F8010BF9D19DED010A02B070BD97
:100A4000002223616275DEE7000000000000000064
:100A500073B50569D0E901639B1BB5EBA30F044691
:100A600004D3002343759FED120B18E00123437557
:100A7000114B9847CB2805F1010312D16946236138
:100A800056F82500226800F108031344024413F8C5
:100A900001099A4201F8010BF9D19DED000B02B05A
:100AA00070BD002223616275DDE700BFAFF30080F7
:100AB00000000000000000000000000073B50569A0
:100AC000D0E901639B1BB5EBA30F044604D30023BD
:100AD00043750020002118E0012343750E4B984711
:100AE000D32805F1010312D16946236156F8250088
:100AF000226800F108031344024413F801099A42E2
:100B000001F8010BF9D1DDE9000102B070BD00224E
:100B100023616275DDE700BF0000000073B5056961
:100B2000D0E901639B1BB5EBA30F044603D300235D
:100B30004375002016E0012343750D4B9847D228DA
:100B400005F1010310D1236156F825002268031D29
:100B5000134401A9024413F801099A4201F8010B58
:100B6000F9D1019802B070BD002223616275E0E7FF
:100B70000000000070B50569D0E901639B1BB5EB6F
:100B8000A30F044603D300234375002011E0012383
:100B900043750A4B9847D12805F101030AD1236117
:100BA00056F825202368134498785B7863F30F2068
:100BB00000B270BD002223616275E6E7000000000C
:100BC00038B50569D0E901239B1AB5EBA30F04469C
:100BD00003D30023437500200EE001234375094B26
:100BE0009847E02805F1010307D123610022294637
:100BF0002046054B984740B238BD002223616275FC
:100C0000E9E700BF000000000000000038B50569FA
:100C1000D0E901239B1AB5EBA30F044603D30023AD
:100C2000437500200DE001234375084B98476B1C6A
:100C3000024638B9236129462046054B984700F003
:100C40007F0038BD002223616275EAE700000000E2
:100C50000000000070B50569D0E901239B1AB5EBCF
:100C6000A30F044603D30023437500200DE00126A3
:100C7000084B46759847CC2805EB060306D123613F
:100C8000324629462046044B984770BD0022236116
:100C90006275EAE7000000000000000010B5D0E92E
:100CA00001431B1BB1EBA30F37BF54F821300020C9
:100CB000D21803683FBF991848789B5C40EA03202C
:100CC00010BD000070B50569D0E901239B1AB5EB92
:100CD000A30F044603D30023437500200DE0012633
:100CE000084B46759847CD2805EB060306D12361CE
:100CF000324629462046044B984770BD00222361A6
:100D00006275EAE7000000000000000013B5D0E9BA
:100D100001431B1BB1EBA30F10D254F82130016823
:100D20001A44131D0B4401A8114413F8012D8B42E2
:100D300000F8012BF9D1019802B010BD0020FBE7AB
:100D400038B5424B04460D469847002877D0803886
:100D5000C3B2602B75D8602873D8DFE800F07072DA
:100D60007272727272727272727272727272707265
:100D700072727272727272727272727272723F7286
:100D80007272727272727272727272727272727243
:100D90007272727272727272727272727272707235
:100DA0007072484F565D6269353974313539743126
:100DB00035393133373B3D484F5631353135700089
:100DC000032038BD0420FCE70520FAE70620F8E7F9
:100DD0000920F6E70A20F4E71220F2E7002229466C
:100DE00020461B4B984700F01F000130E9E7012225
:100DF00029462046164B98470230E2E70122294651
:100E00002046144B98470330DBE701222946204651
:100E1000114B98470530D4E70122294620460C4B58
:100E2000F0E70122294620460A4B98470430C8E7DC
:100E3000012229462046084B98470630C1E7012089
:100E4000BFE70020BDE70220BBE700BF00000000B5
:100E500000000000000000000000000070B50569FF
:100E6000D0E901239B1AB5EBA30F044603D300235B
:100E70004375002013E00126124B46759847DC2885
:100E800005EB06030CD0DD2811D0902815D1236185
:100E90000022294620460C4B984700F00F0070BDF9
:100EA0003246294620462361084B9847F7E72361DD
:100EB000324629462046064BF7E700222361627539
:100EC000D7E700BF000000000000000000000000A5
:100ED0000000000038B5037D04460D461BB1D0E983
:100EE00001239A4202D10023637538BD9B1A02691F
:100EF000B2EBA30FF7D2054B98472860637D002B18
:100F0000F3D02046024B9847EFE700BF00000000F7
:100F10000000000070B50569D0E901239B1AB5EB0C
:100F2000A30F044603D30023437500200DE00126E0
:100F3000084B46759847CE2805EB060306D123617A
:100F4000324629462046044B984770BD0022236153
:100F50006275EAE7000000000000000070B5056956
:100F6000D0E901239B1AB5EBA30F044603D300235A
:100F70004375002013E00126124B46759847DE2882
:100F800005EB06030CD0DF2811D0802815D1236192
:100F90000022294620460C4B984700F00F0070BDF8
:100FA0003246294620462361084B9847F7E72361DC
:100FB000324629462046064BF7E700222361627538
:100FC000D7E700BF000000000000000000000000A4
:100FD0000000000013B5D0E901431B1BB1EBA30FC8
:100FE00012D254F82130016868461A4402F108030D
:100FF0000B44114413F8012D8B4200F8012BF9D159
:10100000DDE9000102B010BD00200021FAE7000078
:1010100070B50569D0E901239B1AB5EBA30F04460F
:1010200004D300234375002001460DE00126094B3F
:1010300046759847CF2805EB060306D12361324653
:1010400029462046044B984770BD002223616275F3
:10105000E9E700BF000000000000000010B5D0E983
:1010600001431B1BB1EBA30F3DBF036854F82110D4
:10107000D218002038BF505610BD000070B5056969
:10108000D0E901239B1AB5EBA30F044603D3002339
:10109000437500200DE00126084B46759847D0287F
:1010A00005EB060306D12361324629462046044B50
:1010B000984770BD002223616275EAE700000000D6
:1010C0000000000010B5084B04469847D62808D108
:1010D000064B0122204621699847431C584258413B
:1010E00010BD0020FCE700BF000000000000000071
:1010F00010B5084B04469847D72808D1064B012263
:10110000204621699847431C5842584110BD002091
:10111000FCE700BF000000000000000038B50C4BE9
:1011200004469847C72811D125690222294620463E
:10113000084B9847013009D1074B01222946204628
:101140009847A0F10C035842584138BD0020FCE7F5
:1011500000000000000000000000000010B5D0E911
:1011600001431B1BB1EBA30F3DBF036854F82110D3
:10117000D218002038BF505C10BD000038B5037D88
:1011800004460D461BB1D0E90123934203D100234D
:101190006375002038BD9B1A0269B2EBA30FF6D22B
:1011A000044B98472870637D002BF2D02046024BF9
:1011B0009847EFE7000000000000000070B5037DD5
:1011C00004460D461BB1D0E90123934203D100230D
:1011D0006375002070BD06699B1AB6EBA30FF6D2AB
:1011E000012343750C4B9847C22806F101030FD128
:1011F0002361002231462046084B984700F0010049
:101200002870637D002BE4D02046054B9847E1E72A
:10121000002023616075F3E700000000000000007B
:10122000000000002DE9F043037D04460E4685B022
:101230001BB1D0E90123934205D10023637500203F
:1012400005B0BDE8F08305699B1AB5EBA30FF4D296
:101250000127464B47759847DA28454B6CD00BD889
:10126000A02824D0D9284DD00022013541496275EB
:10127000256101A898472FE0DB28F5D13D4901A859
:1012800098473A46204621693B4B98470025074638
:10129000DFF8FC80DFF8FC90AF4221691AD06A1DAC
:1012A0002046C047014601A8C8470135F4E7314947
:1012B00001A89847002220462169304B9847002515
:1012C000DFF8CC80DFF8CC9000F01F07EBB29F4234
:1012D00021690FD801312161294B01A93046984776
:1012E000284B01A89847637D002BA8D02046264BA9
:1012F0009847A5E701352A462046C047014601A880
:10130000C847E3E71B4901A898473A4620462169A8
:101310001A4B984700250746DFF87480DFF8749071
:10132000EBB2BB422169D5D2AA1C2046C047014678
:1013300001A8C8470135F3E70E4901A898473A4686
:1013400020462169114B984700250746DFF8408069
:10135000DFF84090ABB29F422169BBD9EA1C20461E
:10136000C047014601A8C8470135F3E70000000067
:1013700000000000EB25000000000000000000005D
:10138000000000000000000000000000000000005D
:1013900000000000000000002DE9F041037D04463C
:1013A0000E461BB1D0E90123934204D1002363759B
:1013B0000020BDE8F08107699B1AB7EBA30FF5D2B7
:1013C000012343751F4B984707F1010890B11E4B4D
:1013D000022239462046C4F81080984700231D4653
:1013E000C6E90003B560637D002BE1D02046174BB2
:1013F0009847DEE72046164B984750B1154B02221E
:1014000039462046C4F8108098478D0801F0030340
:10141000E6E72046104B9847054670B1032239464F
:10142000094B204698470B4B054607223946204674
:10143000C4F8108098470B46D2E703466075C4F89D
:101440001080CDE700000000000000000000000058
:10145000000000000000000000000000F8B5074692
:101460000423194E013B00D1FEE73568BD4202D18D
:1014700074682046F8BD25BB3146144B41F8087B03
:101480004FF4846098474FF480620446104B29461D
:1014900040F8047B98474FF0FF330E4AC4F80834F5
:1014A0001368C4F804540133C4F80C54C4F810543D
:1014B000C4F81454C4F81854C4F81C54136074606D
:1014C000D7E706F58566CDE70000000000000000C4
:1014D000000000000000000010B50446006818B1CC
:1014E000A168024B091A9847204610BD0000000071
:1014F00010B50446064B00F596709847054B04F569
:101500008C709847044B04F586709847204610BDB0
:10151000000000000000000000000000F8B50446D4
:10152000D4F8E03000AF022B14BF0C253025EB1DA2
:1015300003F07803ADEB030D6A4608462B46032102
:10154000064EB0476946D4F8E000054B98472A4656
:1015500069462046034B9847BD46F8BD0000000091
:10156000000000000000000008B50D280CD8DFE8DE
:1015700000F0070C0E10121416181A1C1E2022243C
:101580000F491048104B984708BD1049F9E710491A
:10159000F7E71049F5E71049F3E71049F1E710497B
:1015A000EFE71049EDE71049EBE71049E9E710498B
:1015B000E7E71049E5E71049E3E71049E1E700BF35
:1015C000640000000000000000000000F8050000BA
:1015D000340000008C0000004C000000A40000005B
:1015E000B0000000700000007C000000BC000000A3
:1015F0004000000098000000580000002800000093
:101600000023F0B50C250126136053609360CC5C79
:101610007CB1D0F8E040012C0FD16FEA030C0CF044
:10162000070CDF0804FA0CF412F807C044EA0C04B3
:10163000D4550133602BEAD1F0BD002CFCD1B3FBB3
:10164000F5F405FB143704EBC704E70804F00704BE
:1016500006FA04F4E8E70000B0B5044600F14005DE
:1016600000AF2A460F4B00F155019847D4F8E0002F
:1016700002280CBF30230C23073303F07803ADEBB3
:10168000030D236C69460093636C0193A36C029372
:10169000054B98470C2269462046044B9847BD46A7
:1016A000B0BD00BF0000000000000000000000000E
:1016B00010B501234022014CA04710BD00000000DE
:1016C00010B501238022014CA04710BD000000008E
:1016D00010B5192829D8DFE800F00D151A1E2224AC
:1016E0003034383C3E42464A4F54585D5F6165672E
:1016F0006C70757701234FF4906236493648374C49
:10170000A04712E001234FF468723549F6E7012340
:1017100070223449F2E734492F48344B04E034490D
:10172000FAE734492C48344B98472B48334B9847B9
:10173000334B9847334B186010BD0123A022324928
:10174000DCE7012350223149D8E70123C022304988
:10175000D4E73049E6E7012390222F49CEE7012361
:1017600020222E49CAE7012320222D49C6E7012362
:101770004FF496622B49C1E701234FF498722A492E
:10178000BCE70123B0222949B8E701234FF4C07216
:101790002749B3E72749C5E72749C3E701232022A3
:1017A0002649ABE72649B7E701234FF4B66225493E
:1017B000A4E70123C0222449A0E701234FF440728B
:1017C00022499BE72249A7E701234FF4A872214948
:1017D00094E700BF180B00000000000000000000AC
:1017E0006818000058070000982100000000000061
:1017F000D81F0000881D000000000000000000004D
:101800000000000000000000081E0000C80A0000E0
:10181000081C0000C8000000A806000038070000EF
:10182000980F000048010000A81E0000B80F00003B
:1018300018200000B8110000040600008406000013
:101840002818000038120000C81C0000C80700005B
:10185000E817000068100000F8B527294FF00003D2
:101860000C46A8BF27240E460D4F24EAE4743B60C3
:101870000C4B05461C600C490C480D4B98470D2E2F
:1018800007DC20460B4B984728460B4B98472846C9
:10189000F8BD0A4BA4F10E00984701233B60F3E723
:1018A0000000000000000000EB2500000000000028
:1018B0000000000000000000000000000000000028
:1018C0002DE9F84F6FF06043D0E9008A1546AAEB86
:1018D0000802B3EBA20F074689464FEAA20402D1E1
:1018E0002748284B9847C24514BF22460122A41816
:1018F000A1EB080B2BD264B39C4228BF1C46224BA1
:10190000A00098470646214B042006EB0B019847A0
:101910002B68BBF1000F03600BF10405AAEB090A69
:1019200019DD5A4641463046194B98477019BAF1AD
:10193000000F00EB0A0503DD52464946154B984758
:10194000B9684046144BA1EB0801984710E01C46CB
:10195000D5E72646D7E7BAF1000F354404DD5246F5
:10196000494628460B4B98475544B8F1000FE7D13C
:10197000C7E9006506EB8406BE60BDE8F88F00BFCE
:10198000ED25000000000000000000000000000045
:101990000000000000000000000000002DE9F743F7
:1019A000044616460025184FDFF86080DFF8609087
:1019B0000160AE42A16801950FD8636851F8045CDC
:1019C000C91A891020460139B8472844831B584258
:1019D0005841207503B0BDE8F083E3688B420ED018
:1019E0000420C8470560A3680433A360D4E901312B
:1019F000C91A891020460139B8470544D9E7194664
:101A000001AA201DC047F1E700000000000000000F
:101A1000000000002DE9F041044600F130070E46B9
:101A200015464FF0FF334FF0FF32384606498847DE
:101A300020462946054B40F8046B98473846BDE8D8
:101A4000F041034B184700BF0000000000000000F9
:101A50000000000038B5044600F130054FF0FF32B9
:101A600007494FF0FF332846884724682846002C52
:101A7000D4BF00240124034B9847204638BD00BF43
:101A8000000000000000000010B504461046D4E934
:101A900000236FF000449B1AE21A8A4201D2074BDE
:101AA0009847994238BF19465B1804D2A34228BF11
:101AB0002346184610BD2046FCE700BF000000008A
:101AC0002DE9F047D0E901739F4204468846DFF8CC
:101AD00078A00AD039460120D04798F8003003702A
:101AE000636801336360BDE8F087134A0121134B3B
:101AF0009847134B266881469847B91B0144054611
:101B00000120D04798F80030394603702A46DFF8A4
:101B10003C803046C0473946421C3846C0470746DD
:101B200026B1A1683046074B891B9847C4E9005786
:101B30004D44A560D7E700BFED2500000000000080
:101B40000000000000000000000000000000000095
:101B500007B5044B8DF807100DF10701984703B046
:101B60005DF804FB0000000010B50446034BC021E3
:101B70009847E3680133E36010BD00BF0000000038
:101B80002DE9F047D0E901739F4204468846DFF80B
:101B900078A00AD039460120D04798F80030037069
:101BA000636801336360BDE8F087134A0121134B7A
:101BB0009847134B266881469847B91B0144054650
:101BC0000120D04798F80030394603702A46DFF8E4
:101BD0003C803046C0473946421C3846C04707461D
:101BE00026B1A1683046074B891B9847C4E90057C6
:101BF0004D44A560D7E700BFED25000000000000C0
:101C000000000000000000000000000000000000D4
:101C100037B504460D46074BCC2198472046064B66
:101C20000DF107018DF807509847E3680133E36031
:101C300003B030BD00000000000000002DE9F047B7
:101C4000D0E901739F4204468846DFF878A00AD0A5
:101C500039460120D04798F800300370636801339B
:101C60006360BDE8F087134A0121134B9847134B7B
:101C7000266881469847B91B014405460120D04794
:101C800098F80030394603702A46DFF83C80304629
:101C9000C0473946421C3846C047074626B1A168AE
:101CA0003046074B891B9847C4E900574D44A5604F
:101CB000D7E700BFED250000000000000000000095
:101CC000000000000000000000000000F8B505461C
:101CD0000E460324034F31192846B847013CFAD277
:101CE000F8BD00BF0000000013B504460191064B8B
:101CF000CE2198472046054B01A99847E368013358
:101D0000E36002B010BD00BF000000000000000052
:101D100070B505460C46044E0131B04721462846B1
:101D20003346BDE870401847000000000F2913B586
:101D300004460BD861F06F018DF804100D4B01A91A
:101D40009847E3680133E36002B010BDB1F5803F0E
:101D5000094B08D2ADF80410DC2198472046074B08
:101D600001A99847EDE70191DD2198472046044BF2
:101D700001A9F6E7000000000000000000000000DC
:101D80000000000013B50446ADF80610064BCD2147
:101D900098472046054B0DF106019847E36801334B
:101DA000E36002B010BD00BF0000000000000000B2
:101DB0007E2913B504460AD80D4B8DF807100DF196
:101DC00007019847E3680133E36002B010BDFF29C3
:101DD00003D8084BC9B29847F7E7B1F5803F03D263
:101DE000054B89B29847F0E7044B9847EDE700BFF1
:101DF00000000000000000000000000000000000E3
:101E000073B50C1E054621DB7E2C08DC8DF80440E2
:101E100001A9234B9847EB680133EB6008E0E31717
:101E2000B4F5807F73F1000204D21E4BE1B29847F3
:101E300002B070BDB4F5803F73F1000303D21A4BBA
:101E4000A1B29847F4E7194B9847F1E714F11E0F38
:101E5000DCDA14F1800F164B06DBD02198472846B8
:101E60008DF8044001A9D4E714F5004F114E0BDBA7
:101E7000D121ADF80440984728460DF10501B0473F
:101E8000284601A9B047C6E70194D2219847032408
:101E900001AB19192846B047013CF9D2BBE700BF96
:101EA0000000000000000000000000000000000032
:101EB00000000000000000002DE9F84F04460D4628
:101EC000DFF88CA001EB020BAB4501D1BDE8F88F28
:101ED000D4E90183984509D041460120D0472B78A9
:101EE00003706368013363600135EDE7134A012134
:101EF000134B20469847134B276881469847A8EB19
:101F00000701014406460120D0472B784146037063
:101F100032460D4B384698474146421C0A4B4046D4
:101F20009847804627B1A1683846084BC91B984797
:101F3000C4E900684E44A660D6E700BFED25000066
:101F40000000000000000000000000000000000091
:101F500000000000F7B58D6804461F2D0F68174E6E
:101F60000FD865F05F038DF8043001A9144B984732
:101F70002A4639462046B047E3680133E36003B0A0
:101F8000F0BDFF2D0F4B06D8D921984720468DF87C
:101F9000045001A9EAE7B5F5803F08D2DA21984755
:101FA0002046094BADF8045001A99847E0E7DB2132
:101FB00098472046054B019501A9F6E7000000006F
:101FC0000000000000000000000000000000000011
:101FD00038B50C4605460221074B984754F8041BB8
:101FE0002846064B984728462146054B98472846E1
:101FF000044B984738BD00BF0000000000000000FF
:1020000000000000000000002DE9F0411E4B0746D3
:1020100088B008468846144698471C4E0546B0B915
:102020001B491C4B01A89847FD2301A9049305A84F
:10203000194B984701A8B0472046184B04A9984768
:1020400005A8B0470025284608B0BDE8F081002368
:10205000694600934046124B9847009B0BB11149CB
:10206000DFE7FB680BB9104B9847391D3B6904A8A3
:10207000984720460D4B984720460D4B04A998479A
:1020800004A8B047DFE700BF000000000000000028
:10209000B523000000000000000000000000000068
:1020A00000000000D5230000000000000000000038
:1020B0000000000038B50569D0E901239B1AB5EB93
:1020C000A30F044603D30023437500201CE0012323
:1020D0004375214B984728B300F13403DBB2142B2E
:1020E00035D8CC38142832D8DFE800F01F22252B51
:1020F0000F12151831313131313131313131313146
:102100000B002046154B984738BD2046144BFAE784
:102110002046144BF7E72046134BF4E72046134BB9
:102120009847F1E72046124BEDE72046114BEAE7CE
:102130002046114BE7E72046104B984720EAE07015
:10214000E2E720460E4B98470029DDDABDE7002381
:10215000013563752561B8E700000000000000004C
:10216000000000000000000000000000000000006F
:10217000000000000000000000000000000000005F
:102180000000000038B5037D04460D461BB1D0E9C0
:102190000123934203D100236375002038BD9B1AAD
:1021A0000269B2EBA30FF6D2044B98472860637D17
:1021B000002BF2D02046024B9847EFE700000000CA
:1021C0000000000038B50569D0E901239B1AB5EB82
:1021D000A30F044604D3002343759FED2F0A21E08B
:1021E000012343752D4B9847A8B100F13603DBB2AC
:1021F000162B4BD8CA38162848D8DFE800F03B3FEA
:1022000014171A1D2D30333647474747474747476E
:102210004747474725002046214B984700EE100AC4
:10222000B8EE400A38BD20461E4BF6E720461E4B4E
:10223000F3E720461D4BF0E71D4B204698471D4B0A
:10224000984700EE100AEDE720461B4B984700EE3A
:10225000100AB8EEC00AE5E72046184BF6E720461C
:10226000174BF3E72046174BF0E7174B20469847EC
:10227000164BE5E72046164B9847D3E72046154B0B
:102280009847154B51EC100B9847DAE700230135BE
:1022900063752561A1E700BF000000000000000099
:1022A000000000000000000000000000000000002E
:1022B000000000000000000000000000000000001E
:1022C000000000000000000000000000000000000E
:1022D00000000000000000000000000000000000FE
:1022E00038B50569D0E901239B1AB5EBA30F044665
:1022F00004D3002343759FED2C0B21E0012343758C
:102300002B4B9847A8B100F13603DBB2162B46D809
:10231000CA38162843D8DFE800F0363E14171A1DD5
:10232000282B2E31424242424242424242424242E3
:10233000230020461F4B98471F4B984741EC100B3A
:1023400038BD20461D4BF6E720461D4BF3E72046DF
:102350001C4BF0E71C4B204698471C4B9847EDE779
:1023600020461B4B98471B4BE7E720461A4BF9E7E3
:1023700020461A4BF6E72046194BF3E7194B204647
:102380009847194BEAE72046184B9847184B10EE30
:10239000100A9847D2E72046164B9847D0E700230B
:1023A000013563752561A6E700000000000000000C
:1023B000000000000000000000000000000000001D
:1023C000000000000000000000000000000000000D
:1023D00000000000000000000000000000000000FD
:1023E00000000000000000000000000000000000ED
:1023F00000000000000000002DE9F7430F69D1E95B
:1024000001239B1AB7EBA30F06460D4608D3002302
:102410004B75C0E900338360304603B0BDE8F083FC
:102420004FF001080846344B81F815809847C528BD
:102430004FF0000421D0C6283BD0C42854D1C6E9AF
:102440000044B460424628462969DFF8B880C04796
:102450000746DFF8B490E3B29F42296902D8013100
:102460002961D9E7A21C2846C0470DF107018DF864
:1024700007003046C8470134EDE7C6E90044B460C0
:102480004246284629691D4B98470746DFF8748065
:10249000DFF87490A3B2BB422969E0D2E21C28465F
:1024A000C0470DF107018DF807003046C8470134D9
:1024B000F0E7C6E90044B460424628462969104B5B
:1024C00098470746DFF83C80DFF83C90A74229692F
:1024D000C5D0621D2846C0470DF107018DF80700E1
:1024E0003046C8470134F1E701376C752F61C6E902
:1024F0000044B46090E700BF00000000000000004E
:1025000000000000000000000000000070B5037D26
:1025100004460E4615461BB1D0E90123934203D170
:1025200000236375002070BD9B1A0269B2EBA30FF4
:10253000F6D2054B98473060637D002BF2D02946D8
:102540002046024B9847EEE7000000000000000024
:10255000F8B506460F4615460024AC4201D3204686
:10256000F8BD30682A1B036839199B6898470444F2
:10257000F3E700002DE9F04300258846044685B0C6
:10258000D0F8187404216846DFF870901646CDE93B
:102590000055CDE90255C84729466846124B984771
:1025A00039466846114B9847114B41466846984753
:1025B00029466846C847DDE900156D1A2A462046B7
:1025C0000C4B984785420C4A04D06846904705B0AA
:1025D000BDE8F083D4F8183468460133C4F81834E1
:1025E00090473760F3E700BF0000000000000000E4
:1025F00000000000000000000000000000000000DB
:102600002DE9FF470025894698460446D0F81874FE
:1026100004216846DFF874A01646CDE90055CDE9DF
:102620000255D04729466846134B9847134B394605
:1026300068469847124D49466846A84701216846B2
:10264000D04741466846A847DDE900156D1A2A467D
:1026500020460C4B984785420B4A04D06846904769
:1026600004B0BDE8F087D4F8183468460133C4F8E4
:10267000183490473760F3E70000000000000000C6
:10268000000000000000000000000000000000004A
:102690002DE9F04304460D461646DFF89490DFF826
:1026A000948085B000F12407642200233846C8478F
:1026B000002831D12368CDE90000CDE90200DFF820
:1026C000789068460321D3F80080144CC8476846C8
:1026D0000221A047124B29466846984768460121C7
:1026E000C84768463168A047DDE90014641A0D4BFD
:1026F000224640469847844208BFD8F818346846B6
:1027000004BF0133C8F81834074B98473846074BC5
:1027100005B0BDE8F0431847C047C5E7000000001A
:1027200000000000000000000000000000000000A9
:1027300000000000000000000000000008B5D1F813
:1027400004315A1C09D0D1E946128A4205D0022B25
:1027500003D00068014B521A984708BD00000000E2
:102760002DE9F041044600F130070E4615464FF0C2
:10277000FF334FF0FF323846064988472046294646
:10278000054B40F8046B98473846BDE8F041034BD1
:10279000184700BF0000000000000000000000001B
:1027A0002DE9FF4104468846002517461E46144B76
:1027B00098474146C4E90455124B04F11800984764
:1027C0000A9B2946E36204F1300314221846C4E947
:1027D00009760D4DA8470B9A0C4B626498470C493B
:1027E0000C4B01A89847FF21204601AA0A4B9847A5
:1027F0000A4B01A89847204604B0BDE8F08100BF0D
:1028000000000000000000000000000000000000C8
:10281000A5250000000000000000000000000000EE
:1028200038B5044600F130054FF0FF3207494FF04C
:10283000FF332846884724682846002CD4BF00244C
:102840000124034B9847204638BD00BF000000001C
:1028500000000000034670B508465418D3F804146D
:102860008C421DD8B8B16FF003060432091A1A441D
:10287000F61AB518A9420FD8D3F81024C3F80414D7
:1028800094428DBF0022121AC3F81024C3F81024FA
:1028900088BFC3F8142470BD155C02F8015BE8E73B
:1028A0000020F8E710B5094B0022D0F80C140446BC
:1028B00098474FF0FF33C4F808340023C4F80C34B1
:1028C000D4F81C340133C4F81C3410BD00000000DF
:1028D0002DE9F041037D04460D4616461BB1D0E9B3
:1028E0000123934203D10023637500202AE09B1A41
:1028F00002694FEAA308B2EBA30FF4D2124A134FB6
:10290000136813F0010302BF3B6001231360104BF7
:102910009847637D3860002BE7D023699845E2D95A
:102920000C4B204698472860637D002BDDD00A4B76
:102930002046291D9847637D002BD6D0314620467E
:10294000064B9847BDE8F081000000000000000041
:102950000000000000000000000000000000000077
:102960002DE9F04105460E4600241C27DFF82080A3
:10297000D5F8F03AA34202D80020BDE8F0813146F4
:1029800007FB0450C0470028F7D10134F0E700BF2F
:102990000000000038B50569D0E901239B1AB5EBAA
:1029A000A30F044603D300234375002013E0012343
:1029B0004375124B984758B100F13403DBB2032B37
:1029C00017D8CD38022807D8DFE800F0090C0F002F
:1029D00020460B4B984738BD20460A4BFAE7204665
:1029E000094BF7E72046094BF4E72046084B984788
:1029F000F1E70023013563752561D6E7000000008B
:102A000000000000000000000000000000000000C6
:102A10000000000070B5037D04460E4615461BB14C
:102A2000D0E90123934203D100236375002070BDD8
:102A30009B1A0269B2EBA30FF6D2054B98473060A0
:102A4000637D002BF2D029462046024B9847EEE7E3
:102A500000000000000000002DE9F041D1F80C74E6
:102A60000446032F0D462A4E8CB006D8204629492D
:102A7000B04720460CB0BDE8F081D1F8083433F0FF
:102A80000208F3D1244B06A89847244B06A8984780
:102A90003A46234B291D06A8984748B92846214B9A
:102AA000984720461B49B0471F4B07A89847E0E7C7
:102AB000184903A8B0476A461C4B01A906A8CDF8DF
:102AC0000480984748B92846164B98472046114934
:102AD000B047174B03A89847E6E7009B73B9019BE3
:102AE000042BF0D1134B03AA02A906A8984700288B
:102AF000E9D02046104B03A99847EAE7022BE2D120
:102B0000019B032BDFD10D4B03A906A89847EEE7E5
:102B100000000000EB2500000000000000000000A5
:102B200000000000000000000000000000000000A5
:102B30000000000000000000000000000000000095
:102B4000F0B5D0F80051044687B01DB900252846DD
:102B500007B0F0BD00F5947630461E4B98472A46E4
:102B6000214630461C4B98470028EFD01B491C4B90
:102B700003A8984700236A4602933046194B02A9DE
:102B80009847054620B90025174B03A89847DEE76C
:102B9000009FA7B9029B042BF5D13046134B03AA23
:102BA00001A998470028EED0114B03A904F58670BF
:102BB0009847019BC4F80471C4F80831E4E7022F78
:102BC000E1D1029B032BDED130460A4B03A9984783
:102BD000E8E700BF0000000000000000EB25000057
:102BE00000000000000000000000000000000000E5
:102BF00000000000000000002DE9F047374B0646BA
:102C000088B008460C46984704F5867804F5947712
:102C1000C0B94FF0FF333249C4E94130C4F8000174
:102C2000304B40469847304B38469847D4E94632B7
:102C3000934218BFC4F81C310023C4F8243108B0F3
:102C4000BDE8F087D4E94632934218BFC4F81C317E
:102C50000023C4F82431D4F8043104F58C7563B929
:102C600004212846214B984701212846204B9847AC
:102C70002846D4F808111F4B98470024DFF888A095
:102C800006F10409D6F8F43A41469C4212D31A4B95
:102C900001A89847FE2301A9049305A8174B98475C
:102CA0002846174B04A99847164C05A8A04701A829
:102CB000A047C4E74846D04709F11C0958B11C2376
:102CC0002A46394603FB0464E06903689B6808B040
:102CD000BDE8F04718470134D4E700BF000000000A
:102CE000EB250000000000000000000000000000D4
:102CF00000000000000000000000000000000000D4
:102D00000000000000000000000000002DE9F0417C
:102D10001E46037D0446884617461BB1D0E901359F
:102D20009D4204D1002363750020BDE8F081ED1AB7
:102D30000369B3EBA50FF5D2184B9847C8F800000C
:102D4000637D002BF0D0237D002BEBD0D4E9013143
:102D50008B42E7D0C91A2369B3EBA10FE2D2104B23
:102D6000204698473860637D002BDDD0237D002B03
:102D7000D8D0D4E901329342D4D0D21A2369B3EB2C
:102D8000A20FCFD2074B204698473060637D002BBF
:102D9000CAD02046044B9847C7E700BF0000000098
:102DA0000000000000000000000000002DE9F043DA
:102DB000D0F8146404460F4690461D468BB096B179
:102DC0004A4B04A898474A4B04A89847D4F81034B3
:102DD000211D19443246474B04A8984738B90026AC
:102DE000454B05A8984730460BB0BDE8F0834FF03F
:102DF0000009424E03AB02AA01A904A8CDF8049031
:102E0000B04706460028EAD0039BBB42E7D1029BAD
:102E10003B4F012B1BD02846FC233A4940F8043B8A
:102E2000394B98472046D4F81024D4F81414B847E6
:102E3000D4F810342BB94FF0FF32C4F80C34C4F876
:102E40000824D4F81C340133C4F81C34C8E7019BAF
:102E5000042B05D02846FC232C4940F8043BDFE72F
:102E60002B4B04A88DF800909847C02831D19DF8CD
:102E700024301BB1DDE905239A4208D100238DF8E7
:102E800025302846FC23234940F8043BC8E79B1A19
:102E9000089AB2EBA30FF1D21F4B04A898479DF8F4
:102EA00025308DF80000002BEBD041461B4B04A8C9
:102EB00098470028E5D0D4F810242AB94FF0FF3302
:102EC000C4F80C24C4F808342046D4F81414B847C5
:102ED00086E76A462946124B04A898470028EAD19B
:102EE0002846FC230F4940F8043B99E70000000006
:102EF00000000000000000000000000000000000D2
:102F00000000000053220000000000006C220000BE
:102F10000000000089220000000000000000000006
:102F200000000000AA2200002DE9F043D0F814644C
:102F300004460F4690461D468BB096B14A4B04A8F6
:102F400098474A4B04A89847D4F81034211D1944D7
:102F50003246474B04A8984738B90026454B05A888
:102F6000984730460BB0BDE8F0834FF00009424E61
:102F700003AB02AA01A904A8CDF80490B047064605
:102F80000028EAD0039BBB42E7D1029B3B4F012BB9
:102F90001BD02846FC233A4940F8043B394B98475C
:102FA0002046D4F81024D4F81414B847D4F81034B8
:102FB0002BB94FF0FF32C4F80C34C4F80824D4F80D
:102FC0001C340133C4F81C34C8E7019B042B05D022
:102FD0002846FC232C4940F8043BDFE72B4B04A890
:102FE0008DF800909847C02831D19DF824301BB14E
:102FF000DDE905239A4208D100238DF825302846C3
:10300000FC23234940F8043BC8E79B1A089AB2EB1B
:10301000A30FF1D21F4B04A898479DF825308DF8D7
:103020000000002BEBD041461B4B04A8984700281A
:10303000E5D0D4F810242AB94FF0FF33C4F80C249B
:10304000C4F808342046D4F81414B84786E76A4612
:103050002946124B04A898470028EAD12846FC23A9
:103060000F4940F8043B99E7000000000000000011
:103070000000000000000000000000000000000050
:1030800053220000000000006C220000000000003D
:103090008922000000000000000000000000000085
:1030A000AA2200000022C0E90022826070470000CE
:1030B0002DE9FF410646174B14209847002504468A
:1030C000DFF868806846CDE900550295C04769463B
:1030D000114B042003959847066026460F4B104F6E
:1030E0000393104B029746F8043B30466560C6E9EF
:1030F0000155C0470222694630462561B847039B07
:1031000068462361029BE360074B9847204604B062
:10311000BDE8F08100000000000000000000000099
:103120000000000008000000000000000000000097
:103130002DE9FF410646174B142098470025044609
:10314000DFF868806846CDE900550295C0476946BA
:10315000114B042003959847066026460F4B104FED
:103160000393104B029746F8043B30466560C6E96E
:103170000155C0470222694630462561B847039B86
:1031800068462361029BE360074B9847204604B0E2
:10319000BDE8F08100000000000000000000000019
:1031A0000000000008000000000000000000000017
:1031B0002DE9FF410646174B142098470025044689
:1031C000DFF868806846CDE900550295C04769463A
:1031D000114B042003959847066026460F4B104F6D
:1031E0000393104B029746F8043B30466560C6E9EE
:1031F0000155C0470222694630462561B847039B06
:1032000068462361029BE360074B9847204604B061
:10321000BDE8F08100000000000000000000000098
:103220000000000008000000000000000000000096
:1032300038B50C1A134605D0014622461846024DF1
:10324000A8470346181938BD0000000038B50C1A0D
:10325000134605D0014622461846024DA8470346AC
:10326000181938BD000000002DE9F74F98460023DB
:1032700008F1010A9A45044689461746C0E9003319
:10328000836002DA2F48304B984713D02F4B5046BB
:103290009847266805460246616830462C4B984799
:1032A00026B1A16830462B4B891B9847C4E90055CD
:1032B0005544A5602046284B0DF1070107EB080B8C
:1032C0008DF807909847BB4516D0D4E901639B1B46
:1032D0009845DFF890A0DFF8909011D83246594613
:1032E0003846D04762683146424462603046C8473B
:1032F000324639463846D047204603B0BDE8F08F05
:103300004146164A164B20469847104B8046984730
:103310003146024605462068C847594602463846A7
:10332000D047616802463046C8470646206818B153
:10333000A168084B091A9847C4E900564544A5609E
:10334000DAE700BFC3250000000000000000000015
:10335000000000000000000000000000D325000075
:103360000000000000000000000000002DE9F8430C
:103370000D69D1E901239B1AB5EBA30F06460C4654
:1033800005D300234B75C6E90033B36026E0012363
:1033900008464B754C4B9847C7386F1C112800F2F4
:1033A0008F80DFE800F05A6F7E8D8D8D8D8D8D8D35
:1033B0008D8D8D091E2D3C4B01222946434B204605
:1033C00098470222424B804629462046276198476B
:1033D00001230246414630463E4CA0473046BDE8F8
:1033E000F88301222946394B204698470222384B60
:1033F0008046294620462761984702230246E9E78E
:1034000001222946314B204698470222304B804604
:10341000294620462761984704230246DAE701221D
:1034200029462A4B204698470222294B80462946A6
:1034300020462761984708230246CBE70122294608
:10344000224B204698470222214B8046294620469F
:103450002761984710230246BCE7012229461E4BEC
:10346000204698470222814629462046174B984716
:10347000032280462761164B2946204698474B4633
:103480000246A7E701222946144B2046984703220B
:103490008146294620460D4B9847042280462761E5
:1034A000E9E7012229460E4B20469847052281462E
:1034B00029462046054B9847062280462761DAE7D1
:1034C0000023276163755EE7000000000000000034
:1034D00000000000000000000000000000000000EC
:1034E000000000002DE9F043804B85B0044698476A
:1034F000C028064604D120467D497E4B984731E0DE
:10350000C22803D120467C497C4BF7E720467C4B00
:10351000984720B920467B4B9847054618B120466E
:1035200079497A4BEAE7CA2E1ED1237D1BB1D4E933
:1035300001239A4205D100236375284605B0BDE8F2
:10354000F0839B1A2269B2EBA30FF4D2704B204692
:103550009847704B83ED000A637D002BEDD0204629
:103560006D4B98470546E8E7CB2E12D1237D002B03
:10357000E1D0D4E901239A42DDD09B1A2269B2EB53
:10358000A30FD8D2654B20469847654B83ED000BBF
:10359000E2E7A02E21D006F12703DBB2022B1CD9D3
:1035A00006F13C03DBB2022B28D920465D4B98473D
:1035B0000746002853D0002520465B4B019501A902
:1035C00098472E46DFF8C881DFF8C891019BC8F8FC
:1035D00000509E4238D33D46AFE7544D2B68DA0782
:1035E00008D4534B534954489847012353482B6000
:1035F000534B984720465049524B7FE752490B683E
:10360000DB0709D40022514B5148C3E900229A60DC
:1036100001230B604A4B9847237D002B8BD0D4E9C4
:1036200001239A4287D09B1A2269B2EBA30F82D260
:10363000214601A8474B9847444801A9464B984763
:10364000464B01A8984787E72046C847054600280B
:103650003FF473AFD8F8003001365D1CB6E7204662
:103660003F4B984718B120463E493F4B46E706F18D
:103670002C03DBB2042B15D93936F6B2022E11D940
:1036800020463A4B984748B92046394B984728B9C5
:103690002046384B984700283FF44FAF2046364924
:1036A000364B2BE736490B6813F0010308D1354A36
:1036B0003548C2E90033936001230B60204B9847E3
:1036C000237D002B3FF437AFD4E901239A423FF426
:1036D00032AF9B1A2269B2EBA30FBFF42CAF214685
:1036E00001A82A4B9847274801A9A7E70000000036
:1036F00000000000000000000000000000000000CA
:1037000000000000000000000000000000000000B9
:1037100000000000000000000000000000000000A9
:103720000000000000000000000000000000000099
:1037300000000000EB250000000000000000000079
:103740000000000000000000000000000000000079
:103750000000000000000000000000000000000069
:103760000000000000000000000000000000000059
:103770000000000000000000000000000000000049
:103780000000000000000000000000000000000039
:1037900000000000000000002DE9F04FD0F80C34CC
:1037A0000446032B89B05AD9D0F81434002B6BD1BE
:1037B000D0F810643A4B02A898474FF0FF38002524
:1037C00004F10409DFF8FCA0B144D4F8042473190F
:1037D0009A4256D902A80135D0472A464946314B6C
:1037E00002A898470028F0D02F4B02A8984700283D
:1037F000EBD000236946009302A82C4B9847009F0A
:10380000D7B12B4B02A8984718B92A4B02A8984762
:1038100038B3294B01A902A89847012FDDF804808D
:103820000AD00127DFF8A0B002A8D8470028CCD0E2
:10383000009B01379F42F7D3B8F1020F17D814D07D
:10384000042F14D11EB9C4F80884C4F80C54B8F17C
:10385000010F21D1C4F81064C4F8145411E00026FB
:10386000A8E707466FF00108DCE7032F0FD0134BE2
:103870003246294620469847D4F81C340133C4F810
:103880001C340F4B03A8984709B0BDE8F08F1EB950
:10389000C4F80884C4F80C543544C4F81054F0E754
:1038A0000000000000000000000000000000000018
:1038B0000000000000000000000000000000000008
:1038C00000000000000000000000000038B50446C1
:1038D000006803685B69984790B1D4F80434B3F585
:1038E000806F0DD0214651F8040B02681944D56849
:1038F000C3F58062A847D4F804340344C4F8043400
:103900002046014B984738BD000000002DE9F043E8
:10391000064685B00068274B90460D4698473168AB
:10392000254B01A898472549254B01A898470446EF
:1039300030B9DFF89890371DD6F8F43A9C4207D397
:103940000024204B01A89847204605B0BDE8F0832D
:10395000384601A9C84710B901341C37ECE7414685
:1039600007F10C00C8470028F6D03068D0F80834BA
:1039700033F002031CD1D0F80C140A1FFC2A17D80C
:103980002B46C21C4C1912F8016F03F8016BA342BD
:10399000F9D14FF0FF330022C0F80834C0F80C24EE
:1039A000094B9847041E18BF0124C5F80001C8E759
:1039B0000020F7E70000000000000000EB250000F9
:1039C00000000000000000000000000000000000F7
:1039D0002DE9F04100F110060446D4B06422002322
:1039E0003046DFF89880C047C8B9194B04A89847FB
:1039F00065681849184B01A898472846174B01AA33
:103A000004A998470746164B01A89847154D30461C
:103A100047B9A847144B9847144B04A8984754B08B
:103A2000BDE8F081A8476068114B04A99847114F81
:103A300004F12406642200233046C04730B9606890
:103A40000D4B04A998473046A847E5E7B847F1E78A
:103A500000000000CE220000000000000000000076
:103A60000000000000000000000000000000000056
:103A70000000000000000000000000000000000046
:103A800008B5054B98470548054B984710B10348C2
:103A9000044B984708BD00BF000000000000000074
:103AA00000000000000000002DE9F04100F11006C8
:103AB0000446D4B0642200233046DFF89880C04723
:103AC000C8B9194B04A8984765681849184B01A84C
:103AD00098472846174B01AA04A998470746164B52
:103AE00001A89847154D304647B9A847144B984749
:103AF000144B04A8984754B0BDE8F081A84760680B
:103B0000114B04A99847114F04F1240664220023A5
:103B10003046C04730B960680D4B04A9984730461D
:103B2000A847E5E7B847F1E700000000EB250000F3
:103B30000000000000000000000000000000000085
:103B40000000000000000000000000000000000075
:103B5000000000000000000008B5054C054D064EB1
:103B60002046A84708B12046B047044B9847F7E7DE
:103B70000000000000000000000000000000000045
:103B8000F8B50E46044617461D460068094B98478F
:103B900031462B46084E3A462068B047064638B1B3
:103BA000294651F8043B44F8043F201D034B984735
:103BB0003046F8BD000000000000000000000000DA
:103BC0002DE9F04F012204460F4689B000F114039D
:103BD000D3E8EF1F002903D1C3E8E02F0028F7D175
:103BE0000CBF1546002540D1DFF8DC802C4D642247
:103BF0000023E06AC047002847D1636A04F110023D
:103C0000186804F11801274B9847274DE06AA84728
:103C1000DFF88C90DFF8B4A0DFF8B4B064220023A2
:103C2000A06AC047002839D104A8D0473A46216984
:103C3000606A04ABD8471D4E002828D0A06AA84768
:103C4000049D1B4B05A901A898472946194B01AAB9
:103C50002046984701A8B04705A8B0472046164B14
:103C6000984780F00100C0B20CE01449144B04A83E
:103C70009847FF2120460F4B04AA98470B4B04A8F6
:103C80009847284609B0BDE8F08FA847AFE7A06A7B
:103C9000A8470C4B984705A8B047BFE7C847BDE702
:103CA0000000000000000000000000000000000014
:103CB000000000000000000000000000842500005B
:103CC00000000000000000000000000000000000F4
:103CD000000000002DE9F04F012204460F4689B094
:103CE00000F11403D3E8EF1F002903D1C3E8E02F4C
:103CF0000028F7D10CBF1546002541D1DFF8E08040
:103D00002D4D64220023E06AC047002848D1606A34
:103D1000636C0068294D04F1100204F11801A847F2
:103D2000E06A274DA847DFF89090DFF8B8A0DFF8E9
:103D3000B8B064220023A06AC047002839D104A883
:103D4000D0473A462169606A04ABD8471D4E002827
:103D500028D0A06AA847049D1B4B05A901A8984735
:103D600029461A4B01AA2046984701A8B04705A842
:103D7000B0472046164B984780F00100C0B20CE0D7
:103D80001449154B04A89847FF2120460F4B04AA5D
:103D900098470C4B04A89847284609B0BDE8F08F17
:103DA000A847AEE7A06AA8470C4B984705A8B047BC
:103DB000BFE7C847BDE700BF0000000000000000EB
:103DC00000000000000000000000000000000000F3
:103DD000000000008425000000000000000000003A
:103DE000000000000000000000000000F8B50E46D2
:103DF000044617461D460068094B984731462B4636
:103E0000084E3A462068B047064638B1294651F870
:103E1000043B44F8043F201D034B98473046F8BD4F
:103E200000000000000000000000000000232DE959
:103E3000F0470122044688B08DF8003000F11403E9
:103E4000D3E8EF1F002903D1C3E8E02F0028F7D102
:103E50003CD12F4F2F4D64220023E06AB847002841
:103E60004AD1606A636C00682B4D04F1100204F1C2
:103E70001801A847E06A294DA847DFF89880DFF8C5
:103E8000BC90DFF8BCA064220023A06AB8470028D9
:103E90003BD104A8C8476A462169606A04ABD04791
:103EA0001F4E00282AD0A06AA847049D1D4B05A9D3
:103EB00001A898471C4B294601AA2046984701A80B
:103EC000B04705A8B0472046184B0AE01849194BDF
:103ED00004A898472046144BFF2104AA9847104B8A
:103EE00004A898470E4D04F11800A847201DA847C4
:103EF000204608B0BDE8F087A847ACE7A06AA8470D
:103F00000D4B984705A8B047BDE7C047BBE700BFCA
:103F100000000000000000000000000000000000A1
:103F20000000000000000000000000000000000091
:103F300084250000000000000000000000000000D8
:103F4000000000002DE9F04304460E4600F1380859
:103F5000A9B04FF0FF333049174640464FF0FF32CB
:103F60008847DFF8E4902D4906A8C84704F12403E8
:103F70000093019622682A4D04F1100306A916A8A1
:103F8000A847284B0DF10B0116A89847264D00288D
:103F900037D09DF80B30002B33D0244903A8646838
:103FA000C847314609A8224EB04703A90CA8B0471C
:103FB000D4F8F43A632B1ED81E4B09A9201D98474C
:103FC000C8B909A90FA8B0470CA912A8B0471A4B45
:103FD000384698471590D4F8F40A184B421CC4F898
:103FE000F42A1C2202FB00400FA90430984712A8B3
:103FF000A8470FA8A8470CA8A84709A8A84703A83E
:10400000A8470F4B16A8984706A8A84740460D4B4F
:1040100029B0BDE8F043184700000000D722000097
:10402000000000000000000000000000EB25000080
:104030000000000000000000000000000000000080
:1040400000000000000000000000000000232DE937
:10405000F0470122044688B08DF8003000F11403C7
:10406000D3E8EF1F002903D1C3E8E02F0028F7D1E0
:104070003BD12E4F2E4D64220023E06AB847002822
:1040800049D1636A04F11002186804F11801294B40
:104090009847294DE06AA847DFF89480DFF8B89088
:1040A000DFF8B8A064220023A06AB84700283BD1FB
:1040B00004A8C8476A462169606A04ABD0471F4E0E
:1040C00000282AD0A06AA847049D1D4B05A901A875
:1040D00098471C4B294601AA2046984701A8B0479B
:1040E00005A8B0472046184B0AE01849184B04A809
:1040F00098472046134BFF2104AA98470F4B04A86A
:1041000098470E4D04F11800A847201DA8472046E7
:1041100008B0BDE8F087A847ADE7A06AA8470D4BF7
:10412000984705A8B047BDE7C047BBE700000000BF
:10413000000000000000000000000000000000007F
:1041400000000000000000000000000084250000C6
:10415000000000000000000000000000000000005F
:104160002DE9F04F9848B5B0984DA847984C99481C
:10417000A8479948A8472046984B9847DFF8FC8203
:10418000089504F13809002840F0B4804FF0FF3260
:104190004FF0FF334846C047A0684FF4E131036851
:1041A0008F4DDB699847A06803689B6A9847002891
:1041B00000F0E981A0688B49036825225B68984775
:1041C000894E0820B047894AA368E060C0E900230F
:1041D0001420B0470546864FE068B8472B4643F8A1
:1041E000040B1846DFF898B2D84740F6F82025604F
:1041F000B0470646E068B847B2464AF8040B40F6B6
:10420000F422002150467B4B7B4D7C4F984706F6AD
:10421000F422294650460992B8470AF10C00294673
:10422000B847099A0AF11C0A9245F2D10025666046
:10423000C6F8F45A724B29464FF4FA709847014673
:10424000206500220023CDE9062305234FF4FA72EE
:10425000CDE90253CDE900556A4B6B4E04956B488E
:10426000B047E0646A4B6B4998476B498DF85450EE
:1042700018A8B84722A82668D847CDE92655674B25
:1042800018A928A89847504B14222C931433294678
:104290002D932B96574B2EA89847089B2EA89847EE
:1042A0005F491BA8B847FF215E4B1BAA22A898476D
:1042B0005D4D1BA8A8475D4B15A922A8984708B1DA
:1042C0009DF854005A4B84F8600122A8984718A81A
:1042D000A8475849494B22A898474FF480733C4857
:1042E0001B931BAA544B22A9984722A8A8473A48D7
:1042F000524B9847524B53489847534B5349514858
:1043000098473E4E524922A8B047524A524B22A9E2
:104310002F4898470DF1300A434D22A8A8474F492E
:104320005046B0474FF0FF324FF0FF332A48C047A6
:104330004B490FA8B047274BCDF804A000930FA915
:10434000143B2268474F22A8B847474B0DF12F0175
:1043500022A89847002800F09B809DF82F30002B62
:1043600000F09680244912A86768B047514615A806
:10437000DFF8A8A0D04712A918A8D047D7F8F43A78
:10438000632B7FD8394B15A9381D9847002879D160
:1043900015A91BA8D04718A91EA8D047344B3548EB
:1043A00098472190D7F8F40A334B421CC7F8F42AF7
:1043B0001C2202FB00701BA9043098471EA8A847C6
:1043C0001BA8A8475EE000BF10000000000000002E
:1043D0000000000024000000380000000000000081
:1043E000000000005A2B0000000000000800000040
:1043F0000000000000000000EB25000000000000AD
:104400000000000000000000000000005800000054
:1044100000000000802B0000872B0000000000003F
:10442000A5250000000000000000000000000000C2
:10443000000000008F2B00000000000000000000C2
:10444000000000000000000000000000000000006C
:104450009F2B00000000000000000000A92B0000BE
:10446000D722000000000000000000000000000053
:10447000000000000000000000000000000000003C
:104480000000000018A8A84715A8A84712A8A84728
:10449000DFF830A122A8D0470FA8A8470CAF3B48AF
:1044A000DFF824B1D8473846A84739493846B047DD
:1044B0004FF0FF324FF0FF333448C04735490FA863
:1044C000B047354B0197009359F8382CDFF8FC8042
:1044D000143B0FA922A8C047304B0DF12F0122A891
:1044E0009847DFF8EC80002838D09DF82F30002B5B
:1044F00034D02B4912A86468DFF8D890B047394609
:1045000015A8C84712A918A8C847D4F8F43A632BCD
:104510001ED8244B15A9201D9847C8B915A91BA85A
:10452000C84718A91EA8C8471F4B20489847219084
:10453000D4F8F40A1E4B421CC4F8F42A1C2202FBD5
:1045400000401BA9043098471EA8A8471BA8A847ED
:1045500018A8C04715A8C04712A8C04722A8D0472E
:104560000FA8C0470948D8473846C047114922A874
:10457000B047114A114B22A91148984722A8C047B9
:1045800035B0BDE8F08FA8470DE600BF3800000049
:10459000B32B0000D7220000240000000000000020
:1045A000EB250000000000000000000000000000FB
:1045B00000000000BB2B0000000000000000000015
:1045C00000000000000000000000000000000000EB
:1045D00000000000000000002DE9F8431A4B0446DB
:1045E0000F469847064618B900263046BDE8F883BE
:1045F000237D1BB1D4E901239A4215D100256575AD
:1046000000239846DFF84C90A8453B60EDD020464B
:10461000C8470028E8D02046C8470028E4D03B68B7
:1046200008F101080133EFE79B1A2269B2EBA30FEF
:10463000E4D2064B20469847637D0546002BDFD029
:104640002046034B9847DBE7000000000000000015
:10465000000000000000000038B50E4B04460D4677
:104660009847E0280CD000F13003DBB2022B07D9C9
:10467000D3280BD020B100F13403DBB2022B05D8D4
:1046800029462046044B9847002038BD4FF0FF30A4
:10469000FBE700BF00000000000000002DE9F04330
:1046A000384B07468DB00846884615469847364C25
:1046B0000646B0B93549364B05A89847FD2305A9EC
:1046C000089309A8334B984705A8A0472846324BC2
:1046D00008A9984709A8A047002630460DB0BDE8B4
:1046E000F0834FF000092D4B404601A9CDF804900E
:1046F0009847019B0BB92A49DDE7012B01D02949D5
:10470000D9E74046284BCDF8089002A998470130D8
:1047100006D0029B0593FB68002B24D1234B9847BE
:1047200023491B4B02A898470A224946214B08A857
:104730009847214B08A902A8984708A8A0471F4BF3
:1047400002A905A89847FD2305A9089309A8114BBC
:10475000984705A8A04728460F4B08A9984709A8DD
:10476000A04702A8B7E705AA391D3B6908A89847E2
:104770002846134B98472846124B08A9984708A883
:10478000A047AAE70000000000000000B5230000D9
:104790000000000000000000000000000000000019
:1047A00043230000D52300000000000000000000AB
:1047B0009223000000000000000000000000000044
:1047C00000000000000000002DE9F0410D46002629
:1047D0008CB00446DFF88480284608A91746CDE946
:1047E00006660896C047431C26D0284607A9C0473E
:1047F000013024D0284606A9C047013022D0089BAA
:104800000393079B0493069B0593E3680BB90F4B37
:10481000984705AB009303AA211D04AB09A825699D
:10482000A84738460A4B984738460A4B09A9984783
:10483000094B09A8984730460CB0BDE8F0816FF0ED
:104840000100F9E76FF00200F6E700BF000000008A
:104850000000000000000000000000000000000058
:10486000F0B52D4B07468DB008460E4614469847C6
:104870000546B0B929492A4B05A89847FD2305A943
:10488000089309A8274B9847274D05A8A847204615
:10489000264B08A9984709A8A847002528460DB027
:1048A000F0BD00233046019301A9214B9847019B9D
:1048B000022B01D81F49DEE7032B01D01E49DAE79E
:1048C0003146224638461D4B9847061EE6DA1C49FB
:1048D000134B02A898470A22F1431A4B08A898479D
:1048E000194B08A902A898470F4D08A8A847174BCD
:1048F00002A905A89847FD2305A9089309A8094B13
:10490000984705A8A8472046084B08A9984709A832
:10491000A84702A8C0E700BF00000000B5230000C0
:104920000000000000000000000000000000000087
:104930000000000043230000D52300000000000019
:1049400092230000000000000000000000000000B2
:10495000F8B5284A13680133012B136007D1264BA1
:10496000264A1A600022C3E907221A765A620025F5
:10497000234C08220C21234B20469847224B6022CF
:104980002946224F04F155002360C4E9135584F8E9
:104990005450B8476423C4F8B830392384F8DC3065
:1049A0001B4B1C49C4F8D8301B481C4BC4E930557C
:1049B000C4E9325584F8BC50A4F8D050C4F8D4509F
:1049C00084F8E450C4F8E0509847154A136801335E
:1049D000012B13600DD10326124CC4E9005504F1DC
:1049E00008004FF484620021B847013E04F5856455
:1049F000F3D1F8BD0000000000000000000000003E
:104A0000000000000000000008000000000000009E
:104A100000000000EB250000000000000000000086
:104A2000000000000000000008B5094A09481368AA
:104A3000013B1360084B9847084B09489847094ABF
:104A40001368013B136013B90748084B984708BD2A
:104A50000000000000000000000000000000000056
:104A600000000000000000001C000000000000002A
:104A700010B504460E4B984794F854301BB92046A5
:104A80000C4B984710BD236D0F2BFBD9E26C0A4BE2
:104A9000204604F155019847E36CD4F8B820DA6059
:104AA000E36C1033E364236D103B2365EAE700BF3A
:104AB0000000000000000000000000007FB500249E
:104AC0004FF0FF3205460F4B0F4E1C600F4B104945
:104AD0001A601048104B9847304601A90F4BCDE99A
:104AE000014403949847602221460D4B06F155007E
:104AF000984730460B4B984728460B4B984728461B
:104B000004B070BD000000000000000000000000C4
:104B1000EB25000000000000000000000000000085
:104B200000000000000000000000000070B51F4CF5
:104B30002368B3B11E4B98472368012B12D11D4B3C
:104B4000D3F8CC30322B38BF32231B490A68821A83
:104B50009A4206D323680860012B164804D1174BEC
:104B6000984770BD5023F0E7154B9847154B044606
:104B700015489847154B44430E489847FF230D4866
:104B80001A461946124DA847124D00232A680E49AD
:104B90000848114EB047114B064898472B686442AD
:104BA000013BA342B8BF0C232B60DAE700000000F2
:104BB00000000000000000000000000000000000F5
:104BC00000000000000000000000000000000000E5
:104BD00000000000000000000000000000000000D5
:104BE00038B504460D46024B9847C4F8B85038BD56
:104BF0000000000010B50446024B98472046024BC7
:104C0000984710BD00000000000000000368C9B212
:104C10001B681847036801211B6B184710B4036811
:104C20009C6B0123A4465DF8044B6047B0F83A3111
:104C3000B0F83E21981A80B270477047C0F8501201
:104C40007047C0F84C127047D0F84802004B184724
:104C50000000000007B5054B8DF8071001220DF18B
:104C600007012030984703B05DF804FB0000000006
:104C7000014B2030184700BF0000000007B5084B6B
:104C800001220DF1070100F59A70984720B19DF8B7
:104C9000070003B05DF804FB4FF0FF30F9E700BFF9
:104CA0000000000008B5FF2301220B701030024BFA
:104CB0009847002008BD00BF0000000007B5084B62
:104CC00001220DF1070100F59A70984720B19DF877
:104CD000070003B05DF804FB4FF0FF30F9E700BFB9
:104CE0000000000070B504460D460368DB69984774
:104CF000064BD4F84802E582A361836804F11001F1
:104D0000DB6813B1BDE87040184770BD08000000B3
:104D10000B4B99420FD00B4B99420ED00A4B994244
:104D200014BF01210321D0F84802836849001B68A1
:104D300041F0100118470121F5E70221F3E700BF18
:104D4000A0860100801A060040420F002DE9FF41B5
:104D50000446002300F59A77009300F59C78B4F898
:104D60004031B0F838010E46C01AD4F8441180B270
:104D70000B1A934228BF1346144D6A4641463846E3
:104D8000A847054648B900252A4641463846104BF3
:104D90009847284604B0BDE8F081009B002BF2D074
:104DA000CDE901350323D4F848028DF80C309DF885
:104DB0000C30826843F002038DF80C30946833465F
:104DC000012201A9A0470028DDD1DDE70000000095
:104DD0000000000070B5C38A044663B1D0F84802F1
:104DE00004F1100583681B690BB12946984700231D
:104DF00023616B60AB60D4F84802024BBDE87040A1
:104E0000184700BF000000000023F0B585B0428DB8
:104E10000093C38C00F12A079B1A026B9BB293424A
:104E200000F12006044628BF134639466A4630463C
:104E3000104DA8470546009AD4F84802CDE901254F
:104E40000222A38B8DF80C209DF80C20816842F083
:104E500002028DF80C208C68012201A9A0470446AB
:104E60002A4639463046044B9847201E18BF012079
:104E700005B0F0BD00000000000000000346002067
:104E8000C3E94A00C3F8300170470023C161C0E99B
:104E90000933C0E94E33C362C0F8403170470000A7
:104EA000002230B54FF47A74C0E9012404460E4D57
:104EB00044F8105B0261C4E90122C0E9921200F1DA
:104EC0003401C0E908124FF4807100F5A474C0E900
:104ED0000A22C0E94D42C0E94F22C0F850220163C6
:104EE000C0F8441130BD00BF0800000013B5D0F871
:104EF000503204468DF807205BB1B4F83E21B0F87B
:104F00003A01801A80B2D4F84421411C914200D960
:104F100098470122054B0DF1070104F59A70984757
:104F2000B0FA80F04009404202B010BD000000001D
:104F30000A46024B01461038184700BF0000000027
:104F400038B514460022D0F84C32C0E9092200F1ED
:104F50002005C26203B19847FF2301222370214636
:104F60002846024B9847002038BD00BF00000000D3
:104F70000A46024B01461038184700BF00000000E7
:104F800008B5D0F850223AB1B0F83A31B0F83E1135
:104F9000581A80B200B19047002008BD0146014B6D
:104FA0001038184700000000F8B5174A136801339D
:104FB000012B136007D1154B154A1A600022C3E973
:104FC00007221A765A62134B13491448984714491A
:104FD00014489847144915489847154A13680133EF
:104FE000012B13600FD103250026124C124FC4E988
:104FF000006604F108004FF484620021B847013DC7
:1050000004F58564F3D1F8BD000000000000000045
:105010000000000000000000000000000000000090
:105020000000000000000000000000000000000080
:1050300000000000000000000000000008B5064A63
:105040001368013B1360054A1368013B136013B9F1
:105050000348044B984708BD000000000000000012
:105060001C00000000000000704707B503688DF8C1
:10507000071001225B680DF10701984703B05DF846
:1050800004FB0000004B18470000000000490847DF
:105090000000000038B50C1A002C134605DD01464F
:1050A00022461846024DA8470346181938BD00BFCE
:1050B00000000000002810B506D001DA034B984725
:1050C000034BBDE81040184710BD00BF00000000B2
:1050D00000000000004B18470000000010B500F170
:1050E00030044FF0FF3320464FF0FF32034988472A
:1050F0002046BDE81040024B184700BF00000000EA
:105100000000000010B500F130044FF0FF332046DE
:105110004FF0FF32034988472046BDE81040024B5C
:10512000184700BF000000000000000070B50446F2
:1051300000F508764FF0FF324FF0FF333046134949
:105140008847D4F81C32124A23B9304690474FF0B2
:10515000FF3070BDD4F81C32ABB1D4F81832234400
:105160001D7DD4F818320133C3F30803C4F8183294
:10517000D4F81C32013BC4F81C323046D4F81C323F
:105180009047E8B2E5E74FF0FF35F6E70000000092
:105190000000000038B5044600F508754FF0FF33F5
:1051A0004FF0FF3228460A498847D4F81C325BB1D9
:1051B000D4F81C3243B1D4F818321C44247D28465C
:1051C000044B9847204638BD4FF0FF34F7E700BF47
:1051D00000000000000000000A200021004B1847DA
:1051E0000000000030B5836885B003930023D0E948
:1051F00000420D68CDE9014205604D6845608D684B
:105200008560C1E900338B6001A8024B984705B067
:1052100030BD00BF000000002DE9F047D0E9017368
:105220009F4204468846DFF878A00AD0394601201C
:10523000D04798F800300370636801336360BDE8BD
:10524000F087134A0121134B9847134B2668814678
:105250009847B91B014405460120D04798F8003013
:10526000394603702A46DFF83C803046C04739464D
:10527000421C3846C047074626B1A1683046074B56
:10528000891B9847C4E900574D44A560D7E700BF84
:1052900007260000000000000000000000000000E1
:1052A00000000000000000002DE9F047D0E9017384
:1052B0009F4204468846DFF878A00AD0394601208C
:1052C000D04798F800300370636801336360BDE82D
:1052D000F087134A0121134B9847134B26688146E8
:1052E0009847B91B014405460120D04798F8003083
:1052F000394603702A46DFF83C803046C0473946BD
:10530000421C3846C047074626B1A1683046074BC5
:10531000891B9847C4E900574D44A560D7E700BFF3
:105320000726000000000000000000000000000050
:1053300000000000000000002DE9F043037D054659
:105340000F4685B01BB1D0E90123934205D100235C
:105350006B75002005B0BDE8F08306699B1AB6EBBB
:10536000A30FF4D24FF001083A4B80F8158098470C
:10537000C5284FF000042ED0C62848D0C42861D1DB
:10538000424631462846DFF8E480CDE901440394E3
:10539000C0470646DFF8D890E3B29E4229690FD88D
:1053A0000131296138462C4B01A998472B4B01A8A4
:1053B00098476B7D002BCCD02846294B9847C9E7EE
:1053C000A21C2846C0470DF103018DF8030001A877
:1053D000C8470134E0E7424631462846214BCDE933
:1053E0000144039498470646DFF88080DFF88090F8
:1053F000A3B2B3422969D3D2E21C2846C0470DF1BB
:1054000003018DF8030001A8C8470134F0E74246C4
:1054100031462846144BCDE901440394984706468B
:10542000DFF84880DFF84890A6422969B8D0621DAD
:105430002846C0470DF103018DF8030001A8C847B5
:105440000134F1E70136CDE901446C752E61039416
:10545000A8E700BF000000000000000000000000FE
:10546000000000000000000000000000000000003C
:105470000000000007B5044B8DF807100DF107017F
:10548000984703B05DF804FB000000002DE9F047E9
:10549000D0E901739F4204468846DFF878A00AD01D
:1054A00039460120D04798F8003003706368013313
:1054B0006360BDE8F087134A0121134B9847134BF3
:1054C000266881469847B91B014405460120D0470C
:1054D00098F80030394603702A46DFF83C803046A1
:1054E000C0473946421C3846C047074626B1A16826
:1054F0003046074B891B9847C4E900574D44A560C7
:10550000D7E700BF072600000000000000000000F1
:105510000000000000000000000000007E2913B51C
:1055200004460AD80D4B8DF807100DF10701984776
:10553000E3680133E36002B010BDFF2903D8084BD4
:10554000C9B29847F7E7B1F5803F03D2054B89B25E
:105550009847F0E7044B9847EDE700BF00000000D4
:1055600000000000000000000000000073B50C1EE9
:10557000054621DB7E2C08DC8DF8044001A9234B75
:105580009847EB680133EB6008E0E317B4F5807FE0
:1055900073F1000204D21E4BE1B2984702B070BD15
:1055A000B4F5803F73F1000303D21A4BA1B29847C0
:1055B000F4E7194B9847F1E714F11E0FDCDA14F108
:1055C000800F164B06DBD021984728468DF8044003
:1055D00001A9D4E714F5004F114E0BDBD121ADF832
:1055E0000440984728460DF10501B047284601A917
:1055F000B047C6E70194D2219847032401AB19199B
:105600002846B047013CF9D2BBE700BF00000000CC
:10561000000000000000000000000000000000008A
:105620000000000070B5044616461D46074B98471B
:1056300020463168064B984720462968054B984715
:1056400020460499044B984770BD00BF000000003D
:105650000000000000000000000000002DE9F04103
:105660000025044688B0D0F8187402AB009104A855
:1056700004211646DFF8548003AACDE90355CDE98D
:10568000055507950297C04729460D4B04A8984732
:10569000DDE904156D1A2A4620460A4B98478542D3
:1056A000094A04D004A8904708B0BDE8F081D4F8B6
:1056B000183404A80133C4F8183490473760F3E76E
:1056C00000000000000000000000000000000000DA
:1056D0002DE9F041044600201D4688B0D4F8187426
:1056E000CDE90300CDE905000790009102AB04214C
:1056F00004A81646DFF8588003AA0297C047012184
:105700000F4B04A8984729460E4B04A89847DDE99B
:1057100004156D1A2A4620460B4B984785420B4AC2
:1057200004D004A8904708B0BDE8F081D4F818343C
:1057300004A80133C4F8183490473760F3E700BF7A
:105740000000000000000000000000000000000059
:10575000000000002DE9F041044600201D4688B0FD
:10576000D4F81874CDE90300CDE905000790009145
:1057700002AB042104A81646DFF8588003AA02975A
:10578000C04701210F4B04A8984729680E4B04A875
:105790009847DDE904156D1A2A4620460B4B9847B9
:1057A00085420B4A04D004A8904708B0BDE8F081B8
:1057B000D4F8183404A80133C4F81834904737607B
:1057C000F3E700BF00000000000000000000000040
:1057D000000000000000000038B5037D04460D46BF
:1057E0001BB1D0E90123934203D10023637500204C
:1057F00038BD9B1A0269B2EBA30FF6D2044B98474F
:105800002860637D002BF2D02046024B9847EFE7DB
:1058100000000000000000002DE9F04F054600F5F3
:105820000879A1B04FF0FF324FF0FF334846894E60
:10583000B04795F834428DF80F40002C40F0F680C8
:10584000D5F810A08449D346844F04A8B8475BF824
:10585000103BDFF844820EA80093C04704A9804A99
:1058600014A8CDE912449047009B1422CDE9173BC0
:105870000AF12403199321467A4B1AA898477A4BC8
:105880001AA8984779490AA8B847DFF800A2FF216B
:105890000AAA0EA8D047764C0AA8A047012313A94C
:1058A000D1E8EF2F002A03D1C1E8E03F0028F7D16B
:1058B00035D1704C642200231998B04700287DD15F
:1058C000179B12AA186814A96B4B984719986B4B31
:1058D0009847DFF8A0B1DFF8C4A16422002318982C
:1058E000B047002840F08A800AA8C047179B129949
:1058F000186800930191624CD047DDE900010AABC2
:1059000000680DF10F02A047002859D118985B4B91
:1059100098475C4B9847564B0BA89847DDE75A4988
:105920000AA8B8470EA8FF210AAAD0470AA8A0478C
:1059300000238DF80C30012313A9D1E8EF2F002AA2
:1059400003D1C1E8E03F0028F7D159D1494C642286
:1059500000231998B047002870D1179B12AA186825
:1059600014A9454B9847454C1998A047DFF804A166
:10597000DFF82CB13E4F642200231898B04700286E
:1059800065D10AA8C047129917980AAB03AAD8474D
:10599000002855D01898A0470A9C0BA9304B07A89F
:1059A00098472146394B07AA0EA8984707A8B84739
:1059B0000BA8B847364B0EA898472CE0A04779E7CC
:1059C000009C0A9B0BA944F8043F201D314B9847CB
:1059D00018982A4B98470A9C0BA9214B07A898476F
:1059E00021462A4B07AA0EA89847214C07A8A04792
:1059F0000BA8A047264B0EA8984799E7D8476CE715
:105A000021490AA8B847214B0EA8FF210AAA9847A6
:105A1000174B0AA89847164C14A8A0470FA8A047F0
:105A200004A8A0479DF80F3085F834324846134B40
:105A300098479DF80F0021B0BDE8F08FA04786E79A
:105A40001898A0470F4B98470BA8B84793E7D04743
:105A500091E700BF00000000F522000000000000F8
:105A60000000000000000000000000000323000010
:105A70000000000000000000000000000000000026
:105A800000000000000000002123000000000000D2
:105A90000000000000000000000000000000000006
:105AA000000000002DE9F04304460D461646DFF8DD
:105AB0009490DFF8948085B000F1240764220023DD
:105AC0003846C847002831D12368CDE90000CDE928
:105AD0000200DFF8789068460321D3F80080C847B9
:105AE000134B684602219847124C29466846A04746
:105AF00068460121C84731466846A047DDE90014E1
:105B0000641A0D4B224640469847844208BFD8F895
:105B10001834684604BF0133C8F81834074B984757
:105B20003846074B05B0BDE8F0431847C047C5E706
:105B30000000000000000000000000000000000065
:105B40000000000000000000000000000000000055
:105B50002DE9F041044600F130070E4615464FF09E
:105B6000FF334FF0FF323846064988472046294622
:105B7000054B40F8046B98473846BDE8F041034BAD
:105B8000184700BF000000000000000000000000F7
:105B900000232DE9F0470122044688B08DF800303B
:105BA00000F11403D3E8EF1F002903D1C3E8E02F6D
:105BB0000028F7D13DD12F4F2F4D64220023E06AFA
:105BC000B84700284BD1606A636C00682B4D04F124
:105BD000100204F11801A847E06A294DA847DFF830
:105BE0009880DFF8BC90DFF8BCA064220023A06A94
:105BF000B84700283CD104A8C8476A462169606AB2
:105C000004ABD0471F4E00282BD0A06AA847049DA4
:105C100005A91D4B01A8984729461C4B01AA2046FF
:105C2000984701A8B04705A8B0472046184B9847A9
:105C30000BE01849184B04A898472046134BFF2146
:105C400004AA98470F4B04A898470E4D04F118007A
:105C5000A847201DA847204608B0BDE8F087A84700
:105C6000ABE7A06AA8470D4B984705A8B047BCE72B
:105C7000C047BAE70000000000000000000000007C
:105C80000000000000000000000000000000000014
:105C900000000000212300000000000000000000C0
:105CA00000000000000000002DE9F043D0F814646B
:105CB00004460F4690461D468BB096B14A4B04A849
:105CC00098474A4B04A89847D4F81034211D19442A
:105CD0003246474B04A8984738B90026454B05A8DB
:105CE000984730460BB0BDE8F0834FF00009424EB4
:105CF00003AB02AA01A904A8CDF80490B047064658
:105D00000028EAD0039BBB42E7D1029B3B4F012B0B
:105D10001BD02846FC233A4940F8043B394B9847AE
:105D20002046D4F81024D4F81414B847D4F810340A
:105D30002BB94FF0FF32C4F80C34C4F80824D4F85F
:105D40001C340133C4F81C34C8E7019B042B05D074
:105D50002846FC232C4940F8043BDFE72B4B04A8E2
:105D60008DF800909847C02831D19DF824301BB1A0
:105D7000DDE905239A4208D100238DF82530284615
:105D8000FC23234940F8043BC8E79B1A089AB2EB6E
:105D9000A30FF1D21F4B04A898479DF825308DF82A
:105DA0000000002BEBD041461B4B04A8984700286D
:105DB000E5D0D4F810242AB94FF0FF33C4F80C24EE
:105DC000C4F808342046D4F81414B84786E76A4665
:105DD0002946124B04A898470028EAD12846FC23FC
:105DE0000F4940F8043B99E7000000000000000064
:105DF00000000000000000000000000000000000A3
:105E0000D821000000000000F12100000000000087
:105E10000E22000000000000000000000000000052
:105E20002F2200002DE9F04F654BA3B080460C46B1
:105E3000174698470546002800F0958003AE304687
:105E40006049614DA847DFF8C8A104EB07094C453C
:105E500073D14FF0000B98F83532D8F810A05B4C96
:105E60005B49CDF808B0002B00F09F80574606A88C
:105E7000A84757F8103BDFF89C8110A80193DFF882
:105E80009891C04706A9CDE914BB16A8C847019B45
:105E90001422CDE919370AF124031B9359464D4BBF
:105EA0001CA8984721964C4B1CA898474B490CA816
:105EB000A8474B4FFF210CAA10A8B8470CA8A04731
:105EC000012315A9D1E8EF2F5A4503D1C1E8E03FDE
:105ED0000028F7D1BA4635D1424F434D6422002302
:105EE0001B98B847002842D11998219B00683F4D64
:105EF00014AA16A9A8473E4F1B98B847642200234E
:105F00001A983849884700284CD10CA8C047199DD9
:105F1000DDF850B02868374B984759462868DFF8B5
:105F2000FCB00CAB02AAD84718BB1A98304B984764
:105F3000314B98470DA8A047E0E7304614F8011B05
:105F4000D04784E72D490CA8A84710A8FF210CAA28
:105F5000B8470CA8A0472A4B10A8984706A8A04706
:105F60003046029DA047284623B0BDE8F08FA847E1
:105F7000B4E70C9B0DA945F8043F281D214B984719
:105F80001A98B8470C9D0DA909A8C847294609AA1F
:105F900010A8D04709A8A0470DA8A0471A4B10A8E1
:105FA0009847D8E7104B9847A8E710A8A84732466B
:105FB0005046164B10A9984710A8A0470297CFE764
:105FC00000000000EC2500000000000000000000C0
:105FD000EB2200000000000000000000032300008E
:105FE00000000000000000000000000000000000B1
:105FF000000000000000000000000000212300005D
:106000000000000000000000000000000000000090
:106010000000000000000000000000000000000080
:106020002DE9F041044600F130070E4615464FF0C9
:10603000FF334FF0FF32384606498847204629464D
:10604000054B40F8046B98473846BDE8F041034BD8
:10605000184700BF00000000000000000000000022
:1060600038B5044600F130054FF0FF3207494FF0D4
:10607000FF332846884724682846002CD4BF0024D4
:106080000124034B9847204638BD00BF00000000A4
:106090000000000000232DE9F0470122044688B0EB
:1060A0008DF8003000F11403D3E8EF1F002903D16D
:1060B000C3E8E02F0028F7D13CD12F4F2F4D6422A9
:1060C0000023E06AB84700284AD1606A636C006820
:1060D0002B4D04F1100204F11801A847E06A294D84
:1060E000A847DFF89880DFF8BC90DFF8BCA06422F6
:1060F0000023A06AB84700283BD104A8C8476A46D5
:106100002169606A04ABD0471F4E00282AD0A06ADC
:10611000A847049D1D4B05A901A898471C4B29467B
:1061200001AA2046984701A8B04705A8B0472046D5
:10613000184B0AE01849194B04A898472046144BFD
:10614000FF2104AA9847104B04A898470E4D04F16C
:106150001800A847201DA847204608B0BDE8F087D2
:10616000A847ACE7A06AA8470D4B984705A8B047D9
:10617000BDE7C047BBE700BF000000000000000013
:10618000000000000000000000000000000000000F
:1061900000000000000000002123000000000000BB
:1061A0000000000000000000000000002DE9F043A6
:1061B000D0F8146404460F4690461D468BB096B145
:1061C0004A4B04A898474A4B04A89847D4F810347F
:1061D000211D19443246474B04A8984738B9002678
:1061E000454B05A8984730460BB0BDE8F0834FF00B
:1061F0000009424E03AB02AA01A904A8CDF80490FD
:10620000B04706460028EAD0039BBB42E7D1029B79
:106210003B4F012B1BD02846FC233A4940F8043B56
:10622000394B98472046D4F81024D4F81414B847B2
:10623000D4F810342BB94FF0FF32C4F80C34C4F842
:106240000824D4F81C340133C4F81C34C8E7019B7B
:10625000042B05D02846FC232C4940F8043BDFE7FB
:106260002B4B04A88DF800909847C02831D19DF899
:1062700024301BB1DDE905239A4208D100238DF8B3
:1062800025302846FC23234940F8043BC8E79B1AE5
:10629000089AB2EBA30FF1D21F4B04A898479DF8C0
:1062A00025308DF80000002BEBD041461B4B04A895
:1062B00098470028E5D0D4F810242AB94FF0FF33CE
:1062C000C4F80C24C4F808342046D4F81414B84791
:1062D00086E76A462946124B04A898470028EAD167
:1062E0002846FC230F4940F8043B99E700000000D2
:1062F000000000000000000000000000000000009E
:1063000000000000D821000000000000F121000082
:10631000000000000E22000000000000000000004D
:10632000000000002F2200002DE9F04F012204465A
:106330008A4689B000F11403D3E8EF1F002903D186
:10634000C3E8E02F0028F7D10CBF1546002534D153
:10635000DFF80081324D64220023E06AC047002844
:106360003BD1606A636C006804F1100204F118010B
:106370002C4DA8472C4EE06AB047DFF8A490DFF818
:10638000D8B064220023A06AC047002845D1274B1B
:1063900004A89847656A27692868D847394652464D
:1063A000234F286804ABB847224FC0B9A06AB04752
:1063B000214B984705A8B847E3E72049204B04A89C
:1063C0009847FF2120461F4B04AA9847194B04A861
:1063D0009847284609B0BDE8F08FA847BBE7049B63
:1063E00005A945F8043F281D174B9847A06AB047F8
:1063F000049D164B05A901A898472946114B01AAEF
:106400002046984701A8B84705A8B8472046104B32
:10641000984780F00100C0B2DCE7C847B1E700BF91
:10642000000000000000000000000000000000006C
:106430000000000000000000000000002123000018
:10644000000000000000000000000000000000004C
:106450000000000000000000000000002DE9F047EF
:106460009EB00446019100294BD0354B9847002837
:1064700047D004F508774FF0FF324FF0FF3338462E
:106480003049884726690025B0462F49DFF8E89053
:1064900006A8CDE903550595C8472C4B0CA858F81C
:1064A00010AB984706A92A4B12A8CDE910552436FF
:1064B000984714222946274B18A8CDE915A8179606
:1064C000984701AB1D93244B18A89847234909A866
:1064D000C847FF21224B09AA0CA89847214D09A8BB
:1064E000A84706A8A847204B03A90CA8984758B965
:1064F00038461E4B98471E4B0CA898471D4B03A8C7
:1065000098471EB0BDE8F087DDE903218A42EFD04D
:10651000D4F81C32B3F5007F10D0D4F814321078C0
:1065200023441875D4F814320133C3F30803C4F8B4
:106530001432D4F81C320133C4F81C320132E5E7BE
:106540000000000000000000E22200000000000047
:106550000000000000000000000000000323000015
:10656000000000000000000000000000000000002B
:1065700000000000000000000000000038B50446E4
:1065800000F508750B494FF0FF324FF0FF332846F6
:106590008847D4F81C12C1F50071002902DD20469D
:1065A000054B9847D4F81C422846044B9847204690
:1065B00038BD00BF00000000000000000000000027
:1065C000F8B52E4A2E4E13680133012B136006D105
:1065D00000222C4BC3E907221E601A765A6200245F
:1065E000294F142221462948C6E90044F460B847DF
:1065F000142221462648B847142221462548B84788
:106600004FF4847221462448C6E91344B847234B0B
:10661000234DB3604FF47A73AB60224B4FF400729A
:10662000214605F114002B6086F860416C602E61F4
:10663000B8471422214605F50870C5F81442C5F87C
:106640001842C5F81C42B8474FF48073164AA5F8A3
:10665000343213680133012B13600DD10326134D1F
:10666000C5E9004405F108004FF484620021B847F1
:10667000013E05F58565F3D1F8BD00BF00000000BF
:1066800000000000000000000000000010000000FA
:106690002400000038000000580000000000000046
:1066A00000000000080000000000000000000000E2
:1066B00008B5064A1368013B1360054A1368013B9D
:1066C000136013B90348044B984708BD000000004D
:1066D000000000001C00000000000000F8B5234A84
:1066E00013680133012B136007D1214B214A1A6033
:1066F0000022C3E907221A765A6200241E4B1F4A61
:106700001C705C709C70FF235470137094701C4A52
:106710001470547093701B4A1470537094701A4A1A
:10672000137053709470194A137054709370184A10
:10673000147053709370174A137053709370164A05
:1067400013680133012B13600ED10326134D144F30
:10675000C5E9004405F108004FF484620021B84700
:10676000013E05F58565F3D1F8BD00BF00000000CE
:106770000000000000000000000000000000000019
:106780000000000000000000000000000000000009
:1067900000000000000000000000000000000000F9
:1067A0000000000008B5064A1368013B1360054A63
:1067B0001368013B136013B90348044B984708BDA5
:1067C00000000000000000001C00000000000000AD
:1067D0000023436103766423C3630120704770473D
:1067E00013B504680093E46AA04702B010BD2DE918
:1067F000F74F9246427D044689460AB9027D4AB166
:106800004E4609EB03050C9B013D534403F1FF3851
:10681000AE4229DD03B0BDE8F08F4E4505D0AE4253
:1068200003D0574501D0474512D1637D83B1A27F84
:1068300023680192627F0092D3F860B0237F3A46CA
:1068400031462046D84701374745E6DD0136DFE7C8
:10685000237D002BF7D0E27E23680192A27E009276
:10686000D3F860B0637EEAE75746EDE70161704711
:10687000036923B190F838201868504370471846D0
:106880007047036923B190F8392058685043704726
:1068900018467047012938BF0121012A38BF01225B
:1068A00080F8381080F83920704737B5DDB201958F
:1068B0000468C3F307250095246EC3F30743A0477C
:1068C00003B030BD38B504461D4603689B6E98473B
:1068D0009DF8103084F82C5084F82D309DF8143039
:1068E00084F82E3038BD37B5DDB201950468C3F3A6
:1068F00007250095E46EC3F30743A04703B030BDFE
:10690000C163704708B501F13E03DBB2012B02D928
:10691000024B20309847012008BD00BF0000000056
:106920000149024B203018474223000000000000BC
:1069300070B504460E4615460349044B203098476F
:10694000C4E90C6570BD00BF4223000000000000D8
:106950002DE9F04F91B0CDE904120446017D407D50
:106960001A9A70BB51B303EBD3734FEA630A0AFB65
:106970000AF302EBD2724FEA620B02930BFB0BF3AA
:106980000393039BCBF10005DB170893029B4FEAAF
:10699000E578DB170993DDE9023283FB02230D93CF
:1069A000CAF100030793DB170C920E934FEAEB73C7
:1069B000AB4573EB080370DA637D93B911B0BDE8A2
:1069C000F08F03EBD3734FEA630A0AFB0AF302EB7F
:1069D000D2724FEA620B02930BFB0BF30393002975
:1069E000CFD1CAF10005EE174FEAEA73AA45B341C9
:1069F00080F2A080CBF10005EE174FEAEB73AB45B8
:106A0000B341DBDB28463146704B9847704F024656
:106A10000B46B8476F4F804603988946B8470246F1
:106A20000B4640464946DFF8BC81C047DFF8B881D5
:106A300002460B4600206849C047684B41EC100BEA
:106A4000984759EC108B5046B84742464B46604F2A
:106A5000B847634B98470746A27F059B049903EB11
:106A6000050923680192627F01440092D3F8608097
:106A70004A462046237FC047A27F23680192627F57
:106A800004990092D3F860804A462046237FC91BB0
:106A9000C047013546F10006AFE7A5FB057205FBCF
:106AA00008F302EB4302099B02997B4301FB02338B
:106AB000A7FB01210B920A461A444FEAEA730A9394
:106AC000059B079EDDF8389006925A190A9BB2453D
:106AD00073EB090303DA013548F1000866E7A6FB0A
:106AE000063006FB09F100EB41000899039F59436A
:106AF00007FB0011A3FB073001440B981B180698F5
:106B000041EB00010C9898420D9B73EB01010DDBEA
:106B1000E17E23680191A17E0F9200911B6E049982
:106B20001F462046637E3144B8470F9A013649F12B
:106B30000009CBE728463146244B9847244F0246AC
:106B40000B46B847234F804602988946B84702460D
:106B50000B4640464946DFF88C80C047DFF8888006
:106B600002460B4600201C49C0471C4B41EC100B51
:106B7000984759EC108B5846B84742464B46144F3D
:106B8000B847174B98470746A27F049B03EB0509BC
:106B900023680192627F49460092059AD3F860808B
:106BA0000244237F2046C047A27F23680192627F70
:106BB00049460092059AD3F860802046237FD21B75
:106BC000C047013546F100060EE700BF0000000097
:106BD00000000000000000000000F03F0000000086
:106BE0000000000000000000000000002DE9F04F50
:106BF000804687B09A4608461C4B894604929847BF
:106C00000026109B039023EAE3734FEA830B119B4A
:106C10009E4227DA0027039C0AEB060212E014F8D2
:106C2000020CD8F8001014F8043C019014F8030C7E
:106C300005920090096E40460D4604993944A847D4
:106C4000059A0137109B04349F42E8DB084B484605
:106C50009847109B0136C01A039B0BEB800003443E
:106C60000393D4E707B0BDE8F08F00BF0000000039
:106C7000000000002DE9F04F804687B09A46084694
:106C80001C4B8946049298470026109B039023EAE8
:106C9000E37303EB430B119B9E4228DA0027039C0E
:106CA0000AEB060212E014F8010CD8F8001014F8F0
:106CB000033C019014F8020C05920090096E4046C6
:106CC0000D4604993944A847059A0137109B0334AF
:106CD0009F42E8DB084B48469847109B0136C01A94
:106CE00000EB4000039B584403440393D3E707B0F1
:106CF000BDE8F08F00000000000000002DE9F04F1B
:106D0000074685B09B4608461D4B884691469847E6
:106D100000260E9B029023EAE37A0F9B9E4229DB1A
:106D200005B0BDE8F08F029B386833F815104FEAC4
:106D3000C10C0B0AC9085FFA8CF201F0FC0100914A
:106D40000192026E09EB050114463846039A03F0DE
:106D5000F803A04701350E9B9D42E4DB094B4046FA
:106D600098470E9B0136C01A029B504403EB400328
:106D70000293D2E70BEB060300250393EBE700BF7A
:106D800000000000000000002DE9F7431F460368E3
:106D90000546D3F85C900846084B0C4616469847C3
:106DA000074B8046204698473B46CDE90080324657
:106DB00021462846C84703B0BDE8F0830000000024
:106DC000000000002DE9F0471F46DDE908890B6847
:106DD00004469B6808460D461646984760B306EB86
:106DE000080309EB0702134326D4A368B34223DB4D
:106DF000E368BB4220DB2846104B984701280FD0A0
:106E0000022813D0C0B92368CDE90889D3F880E0FF
:106E10003B46324629462046F446BDE8F0476047E7
:106E20002368CDE90889D3F884E0F1E72368CDE948
:106E30000889D3F888E0EBE7BDE8F08700000000A0
:106E400037B5447D3CB1857F04680195457F037F5C
:106E50000095246EA04703B030BD2DE9FF411F46C9
:106E60000369044616462BB1437D1BB14D1E15F830
:106E7000012F12B904B0BDE8F0810A2A06D12269B7
:106E800094F83930526802FB0377F0E70D2A24D0DA
:106E900002F13E03DBB2012BE9D92369986850F86F
:106EA000221011B9D0F8801081B194F8390022680D
:106EB000039094F838000290586801901B682046AF
:106EC0000093D2F87C803B463246C047226994F852
:106ED0003830126802FB0366C9E70026C7E72DE9D0
:106EE000F04F93461A46437D89B09DF850609DF857
:106EF00054A00391D3B1CEB1BAF1000F16D0A9B10D
:106F0000129B139903FB06B30AFB01210B430DD41B
:106F100083689B450ADCC3689A4207DC002302931E
:106F2000731E0493139B02998B4202DC09B0BDE8E7
:106F3000F08F4FF00008DDE902135B5C0593C36836
:106F40004345F3DD5C464FF00009129B4B4524DDC1
:106F5000059BC9F1070543FA05F515F0010526D093
:106F60000025817F03680191417F079200911B6E8C
:106F700061191F460690037F0135B847DDE9060217
:106F8000EBB2B342EDD3002E9DF8103008BF0023C2
:106F900001341C448368A3421CDC08F10108D0457D
:106FA00002F10102CBD1029B01330293BAE7017EC9
:106FB00003680191C17D079200911B6E61191F4604
:106FC0000690837D0135B847DDE90602EBB29E42AB
:106FD000EDD8D8E709F10109B7E70000004B1847E1
:106FE000000000002DE9F04F0546437D89B0049371
:106FF000837F01290593838B044606930E4655F83B
:10700000203B56D11B6DD0F828809847276B4FF056
:107010000A09013708FB00774FF00008DFF8C8A223
:10702000B84510DB049B002B00F0578101236375EA
:10703000069BA383059BA3772846A949A94B09B0C2
:10704000BDE8F04F1847236820461B6A984794F81C
:107050002E30A18D226BA3772368A2EB0802A183B7
:107060006675D3F840B029462046636B0792D8472F
:107070002169A06A0B68079A667500FB0323227ECC
:10708000E08AA277A083626B4968206811440139C5
:107090000091D0F830B019462046D84723682046E2
:1070A0005B6A9847E16B08F10108A1FB0901D04731
:1070B000B6E702295AD11B6D876A9847266B4FF0B5
:1070C000010807FB00660027DFF81CA206F1FF3964
:1070D000B742A7DA236820461B6A9847216BA9EBC1
:1070E0000703CA1A94F82E30A18DA3772368A183D1
:1070F00084F81580D3F840B029462046636B079288
:10710000D847079A237E511EE28AA3772369A28378
:1071100084F81580626B5B6820681344013B009320
:10712000D0F830B00B4620460791D847236994F831
:1071300039209868039294F83820079902925B6886
:107140000A46CDE900832368D0F88010D3F87CB0DC
:107150002046636BD847236820465B6A98470A201D
:10716000E16B0137A1FB0001D047B1E7032943D10F
:107170005B6D984700264FF001084FF00A09636BDA
:10718000DFF864A1C718B742FFF64CAF236820466A
:107190001B6A984794F82E20A18D636BA277226812
:1071A0009B1BA18384F81580D2F840B02946204665
:1071B000226B0793D8472069079B4268E18A1A44EB
:1071C000237EA183A37784F81580216B0068009249
:1071D000236801F1FF3CD3F830B0A36A013603FB0A
:1071E00000C32046D847236820465B6A9847E16B76
:1071F000A1FB0901D047C6E7042959D15B6D984727
:10720000636B0127C6184FF00A090023DFF8D8A0E6
:10721000B34203F10108BFF605AF236820461B6A9D
:107220009847626BA6EB0801531A94F82E20A18DA3
:10723000A2772268A1836775D2F840B0294620461C
:10724000226B0793D847079BE18A5A1E237EA183AE
:10725000A377236967751868216B0092236801F191
:10726000FF3CD3F830B0A36A079203FB00C320466B
:10727000D847236994F839009968039094F8380046
:10728000079ACDE901701B68204600932368D1F866
:107290008010D3F87CB01346226BD8472368204671
:1072A0005B6A9847E16BA1FB0901D0474346AFE712
:1072B0001B6A9847012194F82E30A28DA37723688A
:1072C0006175A28320461E6C2946D4E90C23B04781
:1072D000236820465B6A9847A4E6049B6375ABE687
:1072E000422300000000000000000000002310B551
:1072F000044643600748C4E902122060236106493E
:10730000064B04F12000984740F2011323872046E2
:1073100010BD00BF08000000422300000000000074
:1073200010B50446034B40F8203B034B98472046DA
:1073300010BD00BF0800000000000000F7B50446C3
:107340000025A368AB4212DC03B0F0BD227E2368A7
:107350000192E27D294600921F6E32462046A37DAF
:10736000B8470136E368B342F0DC0135E9E70026AF
:10737000F8E710B50124017744754277837710BD93
:107380002DE9F04F85B01F460E9B0E469C1A154600
:107390004CBF4FF0FF394FF00109A7EB010848BF80
:1073A000D41A4FEA440AC8EB44044FEA4808BE42E4
:1073B00002DD05B0BDE8F08F827F03680192427F55
:1073C00031460092D3F860B02A46037F0390D84735
:1073D000002CC8BFA4EB08040398C8BF4D44544414
:1073E0000136E4E72DE9F74F16465C1A80460D4654
:1073F0004CBF4FF0FF394FF001090C9A48BFCC1A2F
:10740000971B4FEA440AC7EB44047F000C9B9E4243
:1074100002DD03B0BDE8F08F98F81E20D8F80030E8
:10742000019298F81D2029460092D3F860B03246A8
:10743000404698F81C30D847002CC4BFE41B4D448C
:1074400054440136E2E700002DE9F34190F815C0FD
:1074500004460D4616461F46DDF82080BCF1000F9D
:1074600003D0994211D1B04502DA02B0BDE8F081F3
:10747000A27F23680192627F294600921F6E3246E6
:107480002046237FB8470136EDE742450FD1AF4292
:10749000EBDBA27F23680192627F29460092D3F83A
:1074A000608032462046237FC0470135EFE7A8EBD6
:1074B000020C5C1ABCF1000FB8BFCCF1000C002C20
:1074C000B8BF6442A4450CDA074C9942C2BF2B46B0
:1074D00042463946A446C8BF089602B0BDE8F0410E
:1074E0006047024C4245F1E7000000000000000048
:1074F000F8B5124A13680133012B136007D1104B02
:10750000104A1A600022C3E907221A765A620E4A0C
:1075100013680133012B13600FD1032500260B4C98
:107520000B4FC4E9006604F108004FF484620021A7
:10753000B847013D04F58564F3D1F8BD00000000B3
:10754000000000000000000000000000000000003B
:107550000000000008B5064A1368013B1360054AA5
:107560001368013B136013B90348044B984708BDE7
:1075700000000000000000001C00000000000000EF
:107580004068704780687047C068704700697047FE
:10759000704770477047000010B504464FF4A6715D
:1075A000014B9847204610BD00000000F7B502AB24
:1075B00003E906009DF8063041F20104012B9DF815
:1075C000053005460E4618BF4FF480540BB944F001
:1075D00010049DF80430022B1ED0032B1FD0012B6A
:1075E00001D144F004040E220E4FA8180021A4B2C9
:1075F000B84744F48073AB810B4B0E229E4238BFD8
:107600001E460021AE6005F12200B84744F4007424
:107610002C84EE6103B0F0BD44F00204E3E744F0D3
:107620000604E0E70000000040420F004068014B04
:10763000184700BF00000000014640688368083119
:107640009B6818474068014B184700BF00000000C6
:1076500010B50C461946012388B00393079304AB79
:10766000CDE90042CDE904424068CDF808D0069348
:10767000836802AA1C6806ABA04708B010BD0000D2
:1076800013B501228DF80710064C00F108030DF127
:107690000701A0470028B4BF00209DF8070002B0F2
:1076A00010BD00BF0000000013B50222ADF80610A7
:1076B000064C00F11C030DF10601A0470028B4BFE1
:1076C0000020BDF8060002B010BD00BF00000000A1
:1076D00010B4034C00F10803A4465DF8044B604766
:1076E00000000000F8B5194A13680133012B13603C
:1076F00007D1174B174A1A600022C3E907221A76EE
:107700005A620025144B154A15491A605960C3F88E
:107710004851144B1A60144AC3F848515A60134A2E
:1077200013680133012B13600ED10326104C114F47
:10773000C4E9005504F108004FF484620021B84701
:10774000013E04F58564F3D1F8BD00BF00000000E0
:107750000000000000000000000000000800000021
:107760000000000000000000000000000000000019
:10777000000000000000000008B5064A1368013B45
:107780001360054A1368013B136013B90348044BA7
:10779000984708BD00000000000000001C00000029
:1077A00000000000F8B5124A13680133012B136082
:1077B00007D1104B104A1A600022C3E907221A763B
:1077C0005A620E4A13680133012B13600FD103254F
:1077D00000260B4C0B4FC4E9006604F108004FF47F
:1077E00084620021B847013D04F58564F3D1F8BDFA
:1077F0000000000000000000000000000000000089
:10780000000000000000000008B5064A1368013BB4
:107810001360054A1368013B136013B90348044B16
:10782000984708BD00000000000000001C00000098
:1078300000000000F8B5124A13680133012B1360F1
:1078400007D1104B104A1A600022C3E907221A76AA
:107850005A620E4A13680133012B13600FD10325BE
:1078600000260B4C0B4FC4E9006604F108004FF4EE
:1078700084620021B847013D04F58564F3D1F8BD69
:1078800000000000000000000000000000000000F8
:10789000000000000000000008B5064A1368013B24
:1078A0001360054A1368013B136013B90348044B86
:1078B000984708BD00000000000000001C00000008
:1078C00000000000F8B5124A13680133012B136061
:1078D00007D1104B104A1A600022C3E907221A761A
:1078E0005A620E4A13680133012B13600FD103252E
:1078F00000260B4C0B4FC4E9006604F108004FF45E
:1079000084620021B847013D04F58564F3D1F8BDD8
:107910000000000000000000000000000000000067
:10792000000000000000000008B5064A1368013B93
:107930001360054A1368013B136013B90348044BF5
:10794000984708BD00000000000000001C00000077
:1079500000000000F8B5124A13680133012B1360D0
:1079600007D1104B104A1A600022C3E907221A7689
:107970005A620E4A13680133012B13600FD103259D
:1079800000260B4C0B4FC4E9006604F108004FF4CD
:1079900084620021B847013D04F58564F3D1F8BD48
:1079A00000000000000000000000000000000000D7
:1079B000000000000000000008B5064A1368013B03
:1079C0001360054A1368013B136013B90348044B65
:1079D000984708BD00000000000000001C000000E7
:1079E00000000000F8B5124A13680133012B136040
:1079F00007D1104B104A1A600022C3E907221A76F9
:107A00005A620E4A13680133012B13600FD103250C
:107A100000260B4C0B4FC4E9006604F108004FF43C
:107A200084620021B847013D04F58564F3D1F8BDB7
:107A30000000000000000000000000000000000046
:107A4000000000000000000008B5064A1368013B72
:107A50001360054A1368013B136013B90348044BD4
:107A6000984708BD00000000000000001C00000056
:107A700000000000F8B5124A13680133012B1360AF
:107A800007D1104B104A1A600022C3E907221A7668
:107A90005A620E4A13680133012B13600FD103257C
:107AA00000260B4C0B4FC4E9006604F108004FF4AC
:107AB00084620021B847013D04F58564F3D1F8BD27
:107AC00000000000000000000000000000000000B6
:107AD000000000000000000008B5064A1368013BE2
:107AE0001360054A1368013B136013B90348044B44
:107AF000984708BD00000000000000001C000000C6
:107B000000000000F8B5184A13680133012B136018
:107B100007D1164B164A1A600022C3E907221A76CB
:107B20005A62144B144A00251A606A221A72134AC8
:107B30005D605A614FF480721A83114A9D76136812
:107B40000133012B13600ED103260E4C0E4FC4E9F6
:107B5000005504F108004FF484620021B847013E4B
:107B600004F58564F3D1F8BD0000000000000000BA
:107B700000000000000000000000000000093D00BF
:107B800000000000000000000000000008B5064AE8
:107B90001368013B1360054A1368013B136013B976
:107BA0000348044B984708BD000000000000000097
:107BB0001C00000000000000F8B5144A13680133EF
:107BC000012B136007D1124B124A1A600022C3E93D
:107BD00007221A765A6200260F4B104A1E711A604D
:107BE0000F4A13680133012B13600ED103250D4C8E
:107BF0000D4FC4E9006604F108004FF484620021CF
:107C0000B847013D04F58564F3D1F8BD00000000DC
:107C10000000000000000000000000000000000064
:107C200000000000000000000000000008B5064A47
:107C30001368013B1360054A1368013B136013B9D5
:107C40000348044B984708BD0000000000000000F6
:107C50001C00000000000000F8B5144A136801334E
:107C6000012B136007D1124B124A1A600022C3E99C
:107C700007221A765A62104B104A1A60104A13688B
:107C80000133012B13600FD1032500260D4C0E4F3D
:107C9000C4E9006604F108004FF484620021B8478B
:107CA000013D04F58564F3D1F8BD00BF000000007C
:107CB00000000000000000000000000000000000C4
:107CC00000000000000000000000000008B5064AA7
:107CD0001368013B1360054A1368013B136013B935
:107CE0000348044B984708BD000000000000000056
:107CF0001C0000000000000030B54FF0C80C00244C
:107D000001250277FF22C0E902C5C0E90A22022547
:107D1000C0E90C24816164224FF47A71C0E90455F2
:107D2000C0E90E44C0E910120460848030BD000038
:107D3000F8B5154A13680133012B136007D1134BB3
:107D4000134A1A600022C3E907221A765A625322A4
:107D5000104B114911489847114A13680133012B00
:107D600013600FD1032500260E4C0F4FC4E90066A7
:107D700004F108004FF484620021B847013D04F586
:107D80008564F3D1F8BD00BF0000000000000000D2
:107D900000000000000000000000000000000000E3
:107DA00000000000000000000000000008B5064AC6
:107DB0001368013B1360054A1368013B136013B954
:107DC0000348044B984708BD000000000000000075
:107DD0001C000000000000002DE9F04106460D46A1
:107DE0000C468F18BC4202D1601BBDE8F081A04652
:107DF000336830461B6818F8011B98470028F3D0F9
:107E00004446EFE738B5094D0446A847E0602368CB
:107E100020465B699847002807DAA847E368C01A3C
:107E2000A3689842F3D34FF0FF3038BD0000000044
:107E3000816070472DE9F04107460D460C46DFF89A
:107E40001C808E18B44202D1601BBDE8F081384618
:107E5000C047031EF8DB04F8013BF3E70000000015
:107E600000230A6802604A68C1E9003342608A68F8
:107E70008B6082607047000010B50446006808B14E
:107E8000014B9847204610BD0000000010B5044685
:107E9000006808B1034B98470023C4E9013323600D
:107EA00010BD00BF0000000038B504460D46006854
:107EB000034B0131984710B1C4E90005012038BDDA
:107EC0000000000010B50368044613B143688B42FC
:107ED00007D22046044B984720B1A3680BB922680B
:107EE0001370012010BD00BF0000000070B50B4BE7
:107EF0000E46114604461546984720B92046084BC1
:107F00009847204670BD2A463146064B2068A5603A
:107F1000984700212268A368D154F2E700000000CE
:107F2000000000000000000038B5002304460D46A4
:107F3000C0E90033836039B10846044B98472946AD
:107F40000246034B20469847204638BD00000000FB
:107F500000000000884238B505460C460CD0074B9F
:107F60000068984723682B60A368AB6063686B6008
:107F70000023C4E90133236038BD00BF00000000C6
:107F8000884210B50B46044604D0096821B19A68AE
:107F9000034B9847204610BD024B9847FAE700BFB5
:107FA0000000000000000000002310B50446C0E9F6
:107FB00000338360014B9847204610BD000000004D
:107FC00010B50446014B9847204610BD0000000044
:107FD00038B505460C4649B10846064B9847214638
:107FE0000246054B28469847284638BD034B98471C
:107FF000FAE700BF000000000000000000000000E1
:1080000010B5002304468AB0C4E90033A3600846D3
:10801000044B01A998472046034B01A998472046E5
:108020000AB010BD0000000000000000F8B50446D2
:1080300016460F46856809B90020F8BD82B115447F
:108040002946084B98470028F6D0A3682068324696
:1080500018443946044B984700222368A5605A55B6
:108060000120EAE700000000000000008A68014BE0
:10807000096818470000000070B5064B0546084621
:108080000C46984721460246034B2846BDE87040FF
:10809000184700BF000000000000000009B1024BBB
:1080A00018470846704700BF0000000007B5054BA1
:1080B0008DF8071001220DF10701984703B05DF814
:1080C00004FB00BF0000000010B5054B8A6809687A
:1080D0000446984710B92046024B9847204610BDE9
:1080E000000000000000000010B5044621B9204641
:1080F000044B9847204610BD034B98470028F6D004
:10810000F8E700BF00000000000000000346006820
:108110000A46096828B911B1936843B91946084657
:10812000704739B999680029F9D00178F7E70978DB
:108130004942F4E7004B18470000000008B5826888
:108140008B689A4205D1044B9847B0FA80F04009F9
:1081500008BD0020FCE700BF0000000008B58268F1
:108160002AB959B10878B0FA80F0400908BD006812
:1081700009B90078F7E7024B9847F4E70120F5E7E3
:1081800000000000F0B503468BB0084661B3911EB5
:10819000222935D80A2A06D1002B04DA01275B42AE
:1081A00001AD29460DE00027FAE7B3FBF2F602FB2A
:1081B0001633092BDCB21BD83033DBB201F8013B9C
:1081C0003346002BF1D1A94210D0034617B12D221E
:1081D00003F8012B1C460A46AA420CD84A1B8D42C2
:1081E00088BF0022002199540BB0F0BD1E46E3E782
:1081F00004F15703E1E712F8016D04F8016BEBE7B6
:108200000020F1E7004B184700000000004B184722
:1082100000000000004B184700000000004B18470A
:1082200000000000004B184700000000004B1847FA
:1082300000000000004B184700000000004B1847EA
:1082400000000000004B184700000000004B1847DA
:1082500000000000004B18470000000040F2000C36
:10826000C0F2000C604740F2000CC0F2000C604706
:1082700040F2000CC0F2000C604740F2000CC0F26B
:10828000000C604740F2000CC0F2000C604740F266
:10829000000CC0F2000C604740F2000CC0F2000C71
:1082A000604740F2000CC0F2000C604740F2000C46
:1082B000C0F2000C604740F2000CC0F2000C6047B6
:1082C00040F2000CC0F2000C604740F2000CC0F21B
:1082D000000C604740F2000CC0F2000C6047000048
:1082E000004B18470000000008B5014B984700BF3D
:1082F000000000007047000038B5054B9847054B5B
:108300009847054B9847054D054CA847A047FCE703
:10831000000000000000000000000000000000005D
:1083200000000000012838BF0120014B184700BFA2
:1083300000000000004B184700000000084670478E
:10834000004B1847000000002DE9F04F154C164E69
:10835000164FDFF85C8089B02546B54204F1300441
:1083600002D309B0BDE8F08F14ED027B54E90C0193
:1083700054E90A2354E908CE54E9069A54F810BC8B
:108380008DED067BCDE903ABCDE901E9CDF800C069
:10839000B84754F8300C54F80C1CC04754F8303C23
:1083A0005D65D9E70000000000000000000000004B
:1083B00000000000004B18470000000010B5034B00
:1083C0009847034C0A220023A04710BD000000007C
:1083D000000000002DE9F341056A0446002D3AD162
:1083E0002A4B2046984730B9294B2046984710B170
:1083F00010F1780F2CD10023264A52F8330002EBFB
:10840000C30184422DD1486878BB002020E00133AD
:1084100035F81320024492B28A42F8D924221E4F22
:108420001E4E05EB4308F61BB6FBF2F6A845D7D067
:1084300035F9023B002BF9DD9E42F7D3013B1BB21D
:1084400003EBC30307EB8300FFF7C4FF0028EDDA5B
:1084500002B0BDE8F081002347F6FF704FF6FD71D2
:10846000D6E70133112BC8D1CFE700210C4B01AA6D
:108470009847002807DB019B002219791868094BEF
:1084800098470028C1DA831CBFD0E1E70000000054
:10849000000000000C0000000000000000000000D0
:1084A000000000000000000008B1024B18476FF008
:1084B00015007047000000008368DB6903B11847AE
:1084C0007047036840F213421B6A184707B50368F8
:1084D0008DF8071001225B680DF10701984703B082
:1084E0005DF804FB01207047004B184700000000B6
:1084F000004908470000000037B5044600F1D405E4
:108500004FF0FF324FF0FF3328460A4988470A4BA5
:1085100004F1800001220DF1070198470446074B42
:10852000284698471CB19DF8070003B030BD4FF0B6
:10853000FF30FAE70000000000000000000000002B
:1085400037B5044600F1D4054FF0FF324FF0FF334A
:1085500028460A4988470A4B04F1800001220DF1A0
:10856000070198470446074B284698471CB19DF8D9
:10857000070003B030BD4FF0FF30FAE70000000005
:10858000000000000000000038B5044600F1680556
:10859000284608494FF0FF324FF0FF338847228CBE
:1085A000238B646A9B1A9BB22846E41A024B9847B5
:1085B000204638BD000000000000000070B50546F0
:1085C00000F1D4064FF0FF32304607494FF0FF3339
:1085D0008847B5F88A30B5F886403046E41AA4B228
:1085E000024B9847204670BD0000000000000000CC
:1085F000002337B58DF8073002F00F03012B044636
:10860000009146D0991E4B424B418DF8043002F048
:10861000F003202B3FD0302B0CBF0323012302F4A7
:108620007062B2F5007F8DF8053036D0B2F5407F2C
:1086300035D0B2F5807F0CBF002303238DF80630C0
:108640002069184B984720698368DB680BB169463D
:1086500098472069836823B19B6C13B12246124965
:10866000984704F1D4054FF0FF3228460F494FF0E8
:10867000FF33884700232846C4E92133C4F88C30EF
:108680000B4B9847206983689B6A03B1984703B0F6
:1086900030BD0223B9E70223C1E70123CEE702235D
:1086A000CCE700BF00000000000000000000000058
:1086B000000000000069014B184700BF00000000E7
:1086C00038B50446084D628BE38B9A4207D1064DBC
:1086D000206983681B6B0BB1984710B138BDA84760
:1086E000F1E7A847F4E700BF000000002DE9F84FCC
:1086F0000446884615460026DFF85890DFF858B043
:1087000004F168074FF0FF324FF0FF333846C84797
:10871000AA1B08EB06010C4B04F114009847824693
:108720003846D8475644BAF1000F04D12069074BA8
:108730009847074B9847B542E2D12069034B9847C9
:108740002846BDE8F88F00BF0000000000000000D0
:108750000000000000000000000000002DE9F347C9
:108760000446006983685B6C43BB04F1D4060022B5
:10877000002330462F4DA8472F4F206983685B6B3D
:1087800013BB206983689B6913BB304604F16807FB
:108790002A4EB047002200233846A847628BE38B5D
:1087A0009A4204D1206983681B6A03B19847DFF8B5
:1087B0009090DFF890A004F114081BE0984700287F
:1087C000D3D102B0BDE8F08798470028D9D1DCE7C3
:1087D000082269469847021ED7DD082AA8BF08224A
:1087E000694604F18000B8470028C6DACDE769463B
:1087F0004046D047206983685B6ABBB9658BE38BD1
:10880000ED1AADB27DB1082D28BF082569462A466C
:108810004046C847206983685B6923B12A46694698
:108820009847021EE3DA3846B047CAE7984700285F
:10883000E4D1F8E7000000000000000000000000A4
:1088400000000000000000000846014B184700BF70
:108850000000000010B504460122074B11465430B9
:10886000984704F1140323600023C4E90133E36053
:1088700040232361204610BD000000002DE9F04197
:108880004FF000084FF47A77134D144E144B154CEB
:1088900005F114002B61C5E901872E60A04705F1A1
:1088A0008000114DA047114B05F114002B61C5E963
:1088B00001872E60A04705F180000D4DA0470D4BAC
:1088C00005F11400C5E901872E602B61A04705F171
:1088D0008000A047BDE8F081000000000800000013
:1088E0000000000000000000000000000000000088
:1088F000000000000000000008B5FFF7FEFF08B50B
:0A890000FFF7FEFF08B5FFF7FEFFCA
:1000000005000000070000002400000000000000C0
:10001000C401000000000000BC010000000000005E
:10002000CC01000000000000D4010000000000002E
:10003000DC010000000000009C0100000000000046
:10004000A401000000000000AC010000000000005E
:100050000402000000000000E401000000000000B5
:10006000EC01000000000000F401000000000000AE
:10007000FC010000000000000C0200000000000075
:100080009401000000000000B40100000000000026
:1000900000000000EC23000000000000AC24000081
:1000A00000010000D424000006020000EC23000040
:1000B00002000000FC230000020000000C240000ED
:1000C00002000000AC240000020100001C2400001B
:1000D000020000002C240000020000003C2400006C
:1000E000020000004C240000040000006C2400000A
:1000F00004000000BC240000030100008C24000068
:1001000004000000AC24000000000000D424000023
:100110000001000004250000030200001C2500006F
:10012000000000001C250000000100001C2500004C
:10013000030200001C250000000000001C25000038
:100140000001000034250000020200001C25000010
:10015000000000001C2500000001000044250000F4
:10016000030200001C250000000000001C25000008
:10017000000100005C250000040200001C250000B6
:10018000000000001C250000000100007C2500008C
:10019000010200009400000003000000AC00000019
:1001A00001000000B400000001000000BC000000DD
:1001B00002000000CC00000001000000D40000009C
:1001C00001000000DC00000001000000E40000006D
:1001D00001000000EC00000002000000FC00000034
:1001E0000100000004010000030000001C010000E9
:1001F0000300000034010000030000004C01000077
:100200000300000064010000030000007C01000006
:1002100003000000000000000000000000000000DB
:1002200000000000000000000000000000000000CE
:1002300000000000000000000000000000000000BE
:1002400000000000000000000000000000000000AE
:10025000000000000000000000000000000000009E
:10026000000000000000000000000000000000008E
:10027000000000000000000000000000000000007E
:10028000000000000000000000000000000000006E
:10029000000000000000000000000000000000005E
:1002A000000000000000000000000000000000004E
:1002B000000000000000000000000000000000003E
:1002C000000000000000000000000000000000002E
:1002D000000000000000000000000000000000001E
:1002E000000000000000000000000000000000000E
:1002F00000000000000000000000000000000000FE
:1003000000000000000000000000000000000000ED
:1003100000000000000000000000000000000000DD
:1003200000000000000000000000000000000000CD
:1003300000000000000000000000000000000000BD
:1003400000000000000000000000000000000000AD
:10035000000000000000000000000000000000009D
:10036000000000000000000000000000000000008D
:10037000000000000000000000000000000000007D
:10038000000000000000000000000000000000006D
:10039000000000000000000000000000000000005D
:1003A000000000000000000000000000000000004D
:1003B000000000000000000000000000000000003D
:1003C000000000000000000000000000000000002D
:1003D000000000000000000000000000000000001D
:1003E000000000000000000000000000000000000D
:1003F00000000000000000000000000000000000FD
:1004000000000000000000000000000000000000EC
:1004100000000000000000000000000000000000DC
:1004200000000000000000000000000000000000CC
:1004300000000000000000000000000000000000BC
:1004400000000000000000000000000000000000AC
:10045000000000000000000000000000000000009C
:10046000000000000000000000000000000000008C
:10047000000000000000000000000000000000007C
:100480007B226D6F6465223A20002C202273656CFC
:100490006563746564223A20002C202274657874A8
:1004A000223A202200227D00818DFF0CA1A1A1A172
:1004B00000788781FE540000FE44C64400000054CA
:1004C00088F800008F8284F8000078888CB0C00023
:1004D0008C82AD820000C0B01C141C0814141C14C3
:1004E000081C14149214180038103854181492541C
:1004F00066000000262020260000006621110E0064
:100500002142844200000E1147533400914A4E307C
:100510007C007A8110443982FFC00000630303032A
:100520000000007F26000000262020260000002674
:1005300066000000464040460000006618000000CB
:10054000182448240000000082FE924982A282A260
:10055000494992FEC8000000FE924949A282A28247
:100560004992FE82C800000082FE924982A282A2C5
:10057000494992FEC8000000FE924949A282A28227
:100580004992FE82C800000082FE924982A282A2A5
:10059000494992FEC8000000FE924949A282A28207
:1005A0004992FE82C800000082FE924982A282A285
:1005B000494992FEC8000000FE924949A282A282E7
:1005C0004992FE82C8000000080000000000000000
:1005D00000000000580200000000000000000010B1
:1005E0000000000058020000000000000000200091
:1005F0000000000058020000000000000040000061
:100600000000000058020000000000008000000010
:100610000000000058020000000000000000000080
:100620000000004058020000000000000000000030
:100630000000200058020000000000000000000040
:100640000010000058020000000000000000000040
:100650000800000058020000000000000000000038
:10066000000400005802000000000000000000002C
:10067000000002005802000000000000000000001E
:10068000000000015802000000000000020000000D
:1006900000000000580200000000000000040000FC
:1006A00000000000580200000000000000000800E8
:1006B00000000000580200000000000000000010D0
:1006C00000000000580200002000000000000000B0
:1006D0000000000058020000004000000000000080
:1006E0000000000058020000000080000000000030
:1006F0000000000058020000000000400000000060
:10070000000000005802000000002000000000006F
:10071000000000005802000000100000000000006F
:100720000000000058020000080000000000000067
:10073000000000005802000000000000000000045B
:10074000000000005802000000000000000002004D
:10075000000000005802000000000000000100003E
:10076000000000005802000000000000020000002D
:10077000000000005802000000000000000000001F
:10078000000000045802000000000000000000000B
:1007900000000800580200000000000000000000F7
:1007A00000100000580200000000000000000000DF
:1007B00020000000580200000000000000000000BF
:1007C000004000005802000000000000000000008F
:1007D000000080005802000000000000000000003F
:1007E000000000405802000000000000200000004F
:1007F000000000005802000000000000001000008F
:100800000000000058020000000000000000080086
:10081000000000005802000000000000000000047A
:10082000000000005802000002000000000000006C
:10083000000000005802000000010000000000005D
:10084000000000005802000000000200000000004C
:10085000000000005802000000000004000000003A
:100860000000000058020000000008000000000026
:10087000000000005802000000100000000000000E
:1008800000000000580200002000000000000000EE
:1008900000000000580200000000000000000040BE
:1008A000000000005802000000000000000080006E
:1008B000000000005802000000000000004000009E
:1008C00000000000580200000000000020000000AE
:1008D00000000000580200000000000000000000BE
:1008E000000000105802000000000000000000009E
:1008F0000000080058020000000000000000000096
:100900000004000058020000000000000000000089
:10091000020000005802000000000000000000007B
:10092000000100005802000000000000000000006C
:10093000000002005802000000000000000000005B
:100940000000000458020000000000000800000041
:10095000000000005802000000000000001000002D
:10096000000000005802000000000000000020000D
:1009700000000000580200000000000000000040DD
:10098000000000005802000080000000000000008D
:1009900000000000580200000040000000000000BD
:1009A00000000000580200000000200000000000CD
:1009B00000000000580200000000001000000000CD
:1009C00000000000580200000000080000000000C5
:1009D00000000000580200000004000000000000B9
:1009E00000000000580200000200000000000000AB
:1009F000000000005802000000000000000000019C
:100A0000000000005802000000000000000002008A
:100A10000000000058020000000000000004000078
:100A20000000000058020000000000000800000064
:100A3000000000005802000000000000000000005C
:100A4000000000105802000000000000000000003C
:100A5000000020005802000000000000000000001C
:100A600000400000580200000000000000000000EC
:100A700080000000580200004438000044808E804E
:100A80000000003822080000220141000000000898
:100A90006400000022080000220041000000000C59
:100AA000C8000000220800002200410000000018D9
:100AB000C800000022080000224041000000000899
:100AC000C800000022080000220041400000000889
:100AD000C8000000221800002200410000000008A9
:100AE000C8000000220C00002200410000000008A5
:100AF000C800000022080000220041010000000898
:100B0000C80000008EF80000F88E898900000000FF
:100B1000F401000088F80000F98E888800000601C2
:100B2000F40100004D4F4E000000000000000000E6
:100B30000000000064000000001000000000000041
:100B40000000000064000000201000000000000011
:100B500000000000640000002010000000000040C1
:100B60000000000064000000201000000000204091
:100B70000000000064000000201000000010204071
:100B80000000000064000000201000000810204059
:100B90000000000064000000201000000810204049
:100BA0000000000464000000201000000810204035
:100BB000000002046400000081824C3082848A813B
:100BC000304884825802000082844830848A8181BF
:100BD000304C82825802000018181818181818187B
:100BE00000181818420000003C183C183C183C182B
:100BF00000183C18420000007E183C5A7E187E18EF
:100C0000005A3C18420000007E993C5A7E18FF189A
:100C1000815A3C99420000005A99185A5A18DB1818
:100C2000815A189942000000189918181818991834
:100C30008118189942000000181818181818181868
:100C40000018181842000000000101010000000017
:100C5000000000004200000000020302000000004B
:100C60000000000042000000000406040000000034
:100C7000000000004200000000080C080000000016
:100C800000000000420000000010181001010000E8
:100C9000000000004200000000203020030300009C
:100CA0000000000042000000004060400606000016
:100CB00000000000420000000080C0800C0C00001A
:100CC00000000000420000000080C08018180000F2
:100CD00000000000420000000180C08030300101AF
:100CE00000000000420000000280C080606003023B
:100CF00000000000420000000480C080C0C0060464
:100D000000000000420000000880C080C0C00C0845
:100D100000000000420000001080C080C0C0181019
:100D200000000000420000002080C080C0C03020D1
:100D300000000001420000004080C080C0C0604050
:100D400000000003420000008080C080C0C0C0805E
:100D500000000007420000008080C080C0C0C0804A
:100D60000000000F420000008080C080C0C0C08032
:100D70000000001E420000008181C080C0C0C08110
:100D80000000003C420000008382C080C0C0C082DE
:100D900000000078420000008684C080C0C0C0848B
:100DA000000000F0420000008C88C080C0C0C088F5
:100DB000010101F0420000009890C080C0C0C090C6
:100DC000020203F042000000B0A0C080C0C0C0A07A
:100DD000040406F042000000E0C0C080C1C1C1C1EF
:100DE00008080CF042000000E0C0C080C2C2C2C2CD
:100DF000101018F042000000E0C0C081C4C4C4C498
:100E0000202030F042000000E0C0C183C8C8C8C83C
:100E1000404060F042000000E0C0C386D0D0D0D097
:100E20008080C0F042000000E0C0C68CE0E0E0E05E
:100E30008181C0F042000000E0C1CC98E0E0E0E039
:100E40008283C0F042000000E1C3D8B0E0E0E0E1FE
:100E50008487C0F042000000E2C6F0E0E0E0E0E29B
:100E6000888EC0F042000000E4CCF0E1E0E1E1E473
:100E7000919CC0F042000000E8D9F1E3E0E2E3E930
:100E8000A3B8C0F042000000F0F2F2E6E0E4E6F2BF
:100E9000C7F1C0F042000000F1F4F4ECE1E8ECF43A
:100EA000CEF2C1F042000000F3F9F8F8E3F1F8F9EE
:100EB000DCF4C3F042000000F6FAF8F8E7F2F8FAC2
:100EC000F8F8C7F042000000FCFCF9F9EEF4F8FC79
:100ED000F8F8CFF042000000FCFCFBFBFCF9F9FC49
:100EE000F8F8DEF042000000FCFCFEFEFDFBFAFC20
:100EF000F9F9FCF042000000FDFDFEFEFEFEFDFDE6
:100F0000FBFBFCF142000000FEFEFEFEFEFEFEFECC
:100F1000FEFEFCF342000000FFFFFFFFFEFEFEFEB0
:100F2000FEFEFDF742000000FFFFFFFFFEFFFFFF98
:100F3000FFFEFEFE42000000FFFFFFFFFFFFFFFF7E
:100F4000FFFFFFFF420000004141417F414141411D
:100F50001C774141F4010000415D417F4141414125
:100F60001C774141F4010000415D417F4141415DF9
:100F70001C774141F4010000415D417F415D415DCD
:100F80001C774141F4010000415D417F415D415DBD
:100F90001C77415DF401000000000000000000002B
:100FA00000000000420000000000000000000010EF
:100FB00000000000420000002000000000000010BF
:100FC00000000000280000002020000000000010A9
:100FD0000000000028000000202020000000001079
:100FE0000000000028000000202020100000001059
:100FF0000000000028000000202020180000001041
:1010000000000000280000002020201C000000102C
:1010100000000000280000002020221C000000101A
:10102000000000001E0000002022221C0000001012
:10103000000000001E0000002222221C0000001000
:10104000000000001E0000002222221C00000014EC
:10105000000000001E0000002222221C00000814D4
:10106000000000001E0000002222221C00100814B4
:10107000000000001E0000002222221C2010081484
:10108000000000001E0000002222221C2010081474
:10109000000000201E0000002222221C2010081444
:1010A000000020201E0000002222221C2010081414
:1010B00000102020280000002222221C20100814EA
:1010C00000182020280000002222221C20100814D2
:1010D000001C2020280000002222221C20100814BE
:1010E000001C2220280000002222221C20100814AC
:1010F000001C2222280000002222221C2210081498
:10110000001C2222420000002222221C2214081469
:10111000001C2222F00000002232221C221408149B
:10112000021C222642000000222A221C221408143B
:10113000011C222A9001000014222A222A221408CB
:1011400000011C22420000000814222A222A221434
:101150003C00011C42000000140814221C222A2218
:101160000A3C00014200000022140814011C222A3B
:101170000A0A3C00420000002A22140800011C2236
:101180003C0A0A3C42000000222A22143C00011CB6
:10119000003C0A0A420000001C222A220A3C0001EC
:1011A0003E003C0A42000000011C222A0A0A3C00C0
:1011B0000A3E003C4200000000011C223C0A0A3C9E
:1011C0000A0A3E00420000003C00011C003C0A0AE2
:1011D000340A0A3E420000000A3C00013E003C0A7C
:1011E00000340A0A420000000A0A3C000A3E003CA1
:1011F0003E00340A640000003C0A0A3C0A0A3E0031
:10120000223E003442000000003C0A0A340A0A3E32
:1012100022223E00420000003E003C0A00340A0A3E
:101220001C22223E420000000A3E003C3E00340ADE
:10123000001C2222420000000A0A3E00223E003426
:101240001E001C2242000000340A0A3E22223E00F8
:10125000201E001C4200000000340A0A1C22223E0C
:1012600020201E00420000003E00340A001C222202
:101270001E20201E42000000223E00341E001C22C0
:10128000001E20204200000022223E00201E001CE2
:1012900022001E20420000001C22223E20201E00B0
:1012A0003E22001E42000000001C22221E20201EA2
:1012B000223E2200420000001E001C22001E2020B0
:1012C00000223E2242000000201E001C22001E20A0
:1012D0003E00223E4200000020201E003E22001E52
:1012E000043E0022420000001E20201E223E22005A
:1012F00008043E0042000000001E202000223E2282
:101300003E08043E4200000022001E203E00223E15
:10131000003E0804420000003E22001E043E00225F
:101320001C003E0842000000223E220008043E004D
:10133000221C003E4200000000223E223E08043EE5
:1013400022221C00420000003E00223E003E080413
:101350001C22221C42000000043E00221C003E0809
:10136000001C22224200000008043E00221C003E15
:1013700000001C22420000003E08043E22221C0005
:101380000000001C42000000003E08041C22221C39
:1013900000000000420000001C003E08001C222249
:1013A0000000000042000000221C003E00001C2241
:1013B000000000004200000022221C000000001C6F
:1013C00000000000420000001C22221C000000005F
:1013D0000000000042000000001C2222000000006B
:1013E000000000004200000000001C22000000007D
:1013F00000000000420000000000001C000000008F
:10140000000000004200000000000000000000009A
:1014100000000000420000008880E0008890AF904B
:101420000000E080C80000009080E00090A0DEA0F6
:101430000000E080C8000000FFFFFFFFFFFFFFFF8C
:10144000FFFFFFFF42000000FFFFFF7EFFFFFFFFE7
:10145000FFFFFFFF42000000FFFF7E3CFFFFFFFF9A
:101460007EFFFFFF42000000FF7E3C18FFFFFFFFF2
:101470003C7EFFFF420000007E3C1800FFFFFFFFA4
:10148000183C7EFF420000003C180000FFFEFF7E7B
:1014900000183C7E42000000180000007EFC7E3CEC
:1014A0000000183C42000000000000003C783C189E
:1014B000000000184200000000000000244824182A
:1014C00000000018580200000C0000002244221204
:1014D00000000C12C800000000000000244824187E
:1014E00000000018580200007EFFFFFF42243C7EEF
:1014F000FF818142320000007EFFFFFF4A2C3C7ECC
:10150000FF818142320000007EFFFFFF4A2C3C7EBB
:10151000FF81894A320000007EFFFFFF4A2C3C7E9B
:10152000FF89894A320000007EFFFFFF4A2C3C7E83
:10153000FF99894A320000007EFFF7FF4A2C3C7E6B
:10154000FF99894A320000007EFFE7FF4A2C3C7E6B
:10155000FF9D894A320000007EFFC7FF4A2C3C7E77
:10156000FF9F894A320000007EFFC7FF4A2C3C7E65
:10157000FFBF894A320000007EFFC3FF4A2C3C7E39
:10158000FFFF894A320000007EFFC1FF4A2C3C7EEB
:10159000FFFF994A320000007EFF81FF4A2C3C7E0B
:1015A000FFFFB94A320000007EF781FF4A2C3C7EE3
:1015B000FFFFB94A320000007EE781FF4A2C3C7EE3
:1015C000FFFFBD4A320000007EC781FF4A2C3C7EEF
:1015D000FFFFFD4A320000007EC381FF4A2C3C7EA3
:1015E000FFFFFF4A3200000076C381FF4A2C3C7E99
:1015F000FFFFFF5A32000000668181FF4A2C3C7ECB
:10160000FFFFFF5E32000000428181FF4A2C3C7EDA
:10161000FFFFFF7E32000000428181FF7E3C3C42A2
:10162000FFFFFF7E32000000428181FF7E3C2442AA
:10163000FFFFFF7E2C0100000008000000004D00AD
:1016400000000008640000000008000000044900D9
:1016500000000008640000000008000000084900C5
:1016600000000008640000000008000000104900AD
:10167000000000086400000000080000000059009D
:10168000000000086400000000080000000049108D
:101690000000000864000000000800000000490885
:1016A0000000000864000000000800000000490479
:1016B00000000008640000000000000000000000BE
:1016C00000000000420000000000000000000000D8
:1016D0001C000000420000000000000000000000AC
:1016E000221C00004200000000000000000000007A
:1016F00022221C0042000000000000000000000048
:101700001C22221C42000000000000001C000000FF
:10171000001C22224200000000000000221C0000E9
:101720003E001C22420000000000000022221C009B
:101730000A3E001C42000000000000001C22221C87
:101740000A0A3E00420000001C000000001C222289
:10175000040A0A3E42000000221C00003E001C2237
:1017600000040A0A4200000022221C000A3E001C5B
:101770003E00040A420000001C22221C0A0A3E000D
:101780002A3E000442000000001C2222040A0A3EF5
:101790002A2A3E00420000003E001C2200040A0AE1
:1017A000222A2A3E420000000A3E001C3E00040A93
:1017B00000222A2A420000000A0A3E002A3E0004B3
:1017C0003E00222A42000000040A0A3E2A2A3E0065
:1017D000043E00224200000000040A0A222A2A3E97
:1017E00008043E00420000003E00040A00222A2AAB
:1017F0003E08043E420000002A3E00043E00222A29
:10180000003E0804420000002A2A3E00043E002256
:1018100000003E0842000000222A2A3E08043E0042
:101820000000003E4200000000222A2A3E08043E3A
:1018300000000000420000003E00222A003E080492
:101840000000000042000000043E002200003E08AC
:10185000240000004200000008043E000000003E9A
:101860002A240000420000003E08043E0000000060
:101870002A2A240042000000003E08040000000064
:10188000122A2A244200000000003E082400000022
:1018900000122A2A420000000000003E2A24000014
:1018A0001C00122A42000000000000002A2A240026
:1018B000221C00124200000000000000122A2A240C
:1018C00022221C00420000002400000000122A2AEC
:1018D0001C22221C420000002A2400001C00122AA4
:1018E000001C2222420000002A2A2400221C00128E
:1018F0001E001C2242000000122A2A2422221C0060
:10190000201E001C4200000000122A2A1C22221C59
:1019100020201E00420000001C00122A001C22226F
:101920001E20201E42000000221C00121E001C224D
:10193000001E20204200000022221C00201E001C4D
:101940003E001E20420000001C22221C20201E00FF
:101950000A3E001E42000000001C22221E20201E03
:101960000A0A3E00420000001E001C22001E202029
:10197000340A0A3E42000000201E001C3E001E20C9
:1019800000340A0A4200000020201E000A3E001E09
:101990001C00340A420000001E20201E0A0A3E00DD
:1019A000221C003442000000001E2020340A0A3E9F
:1019B00022221C00420000003E001E2000340A0AC1
:1019C0002222221C420000000A3E001E1C00340A93
:1019D00000222222420000000A0A3E00221C00349B
:1019E0003E00222242000000340A0A3E22221C004D
:1019F0002A3E00224200000000340A0A2222221C51
:101A00002A2A3E00420000001C00340A0022222242
:101A1000222A2A3E42000000221C00343E002222DC
:101A200000222A2A4200000022221C002A3E002214
:101A30000000222A420000002222221C2A2A3E0004
:101A4000000000224200000000222222222A2A3E18
:101A500000000000420000003E00222200222A2A4C
:101A600000000000420000002A3E00220000222A5E
:101A700000000000420000002A2A3E000000002270
:101A80002200000042000000222A2A3E000000003E
:101A90003E2200004200000000222A2A000000002E
:101AA000223E2200420000000000222A0000000026
:101AB00000223E224200000000000022220000001E
:101AC0002400223E42000000000000003E220000F0
:101AD0002A2400224200000000000000223E2200D2
:101AE0002A2A2400420000000000000000223E22BA
:101AF000122A2A2442000000220000002400223E74
:101B000000122A2A420000003E2200002A2400225D
:101B10000000122A42000000223E22002A2A24004D
:101B2000000000124200000000223E22122A2A2455
:101B300000000000420000002400223E00122A2A79
:101B400000000000420000002A2400220000122AA7
:101B500000000000420000002A2A240000000012B9
:101B60000C00000042000000122A2A24000000009D
:101B7000120C00004200000000122A2A000000009F
:101B800024120C00420000000000122A0000000095
:101B90001224120C42000000000000120C00000091
:101BA0000C1224124200000000000000120C000081
:101BB000000C1224420000000000000024120C005F
:101BC00000000C1242000000000000001224120C61
:101BD0000000000C420000000C0000000C12241257
:101BE0000000000042000000120C0000000C122453
:101BF000000000004200000024120C0000000C1243
:101C000000000000420000001224120C0000000C32
:101C100000000000420000000C122412000000002E
:101C20000000000042000000000C12240000000030
:101C3000000000004200000000000C120000000044
:101C400000000000420000000000000C0000000046
:101C50000000000042000000000000000000000042
:101C600000000000420000000000000000008000B2
:101C70000000000058020000400000004020A020AA
:101C80000000000058020000481020004828A82842
:101C900000002010F40100004A1224084A2AAA2A4F
:101CA00000082412F40100004C5060004C42C34272
:101CB00000006050F40100004C5060004C42C342F0
:101CC00008096250F40100004C5060004C42C342CD
:101CD00000006050F40100004C5060004C42C342D0
:101CE00008096250F4010000000101010000000039
:101CF000000000004200000000020302000000009B
:101D00000000000042000000000406040000000083
:101D1000000000004200000000080C080000000065
:101D20000000000042000000001018100101000037
:101D300000000000420000000020302003030000EB
:101D40000000000042000000004060400606000065
:101D500000000000420000000080C0800C0C000069
:101D600000000000420000000080C0801818000041
:101D700000000000420000000180C08030300101FE
:101D800000000000420000000280C080606003028A
:101D900000000000420000000480C080C0C00604B3
:101DA00000000000420000000880C080C0C00C0895
:101DB00000000000420000001080C080C0C0181069
:101DC00000000000420000002080C080C0C0302021
:101DD00000000001420000004080C080C0C06040A0
:101DE00000000003420000008080C080C0C0C080AE
:101DF00000000007420000008080C080C0C0C0809A
:101E00000000000F420000008080C080C0C0C08081
:101E10000000001E420000008181C080C0C0C0815F
:101E20000000003C420000008382C080C0C0C0822D
:101E300000000078420000008684C080C0C0C084DA
:101E4000000000F0420000008C88C080C0C0C08844
:101E5000010101F0420000009890C080C0C0C09015
:101E6000020203F042000000B0A0C080C0C0C0A0C9
:101E7000040406F042000000E0C0C080C1C1C1C13E
:101E800008080CF042000000E0C0C080C2C2C2C21C
:101E9000101018F042000000E0C0C081C4C4C4C4E7
:101EA000202030F042000000E0C0C183C8C8C8C88C
:101EB000404060F042000000E0C0C386D0D0D0D0E7
:101EC0008080C0F042000000E0C0C68CE0E0E0E0AE
:101ED0008181C0F042000000E0C1CC98E0E0E0E089
:101EE0008283C0F042000000E1C3D8B0E0E0E0E14E
:101EF0008487C0F042000000E2C6F0E0E0E0E0E2EB
:101F0000888EC0F042000000E4CCF0E1E0E1E1E4C2
:101F1000919CC0F042000000E8D9F1E3E0E2E3E97F
:101F2000A3B8C0F042000000F0F2F2E6E0E4E6F20E
:101F3000C7F1C0F042000000F1F4F4ECE1E8ECF489
:101F4000CEF2C1F042000000F3F9F8F8E3F1F8F93D
:101F5000DCF4C3F042000000F6FAF8F8E7F2F8FA11
:101F6000F8F8C7F042000000FCFCF9F9EEF4F8FCC8
:101F7000F8F8CFF042000000FCFCFBFBFCF9F9FC98
:101F8000F8F8DEF042000000FCFCFEFEFDFBFAFC6F
:101F9000F9F9FCF042000000FDFDFEFEFEFEFDFD35
:101FA000FBFBFCF142000000FEFEFEFEFEFEFEFE1C
:101FB000FEFEFCF342000000FFFFFFFFFEFEFEFE00
:101FC000FEFEFDF742000000FFFFFFFFFEFFFFFFE8
:101FD000FFFEFEFE42000000FFFFFFFFFFFFFFFFCE
:101FE000FFFFFFFF42000000FFFFFF7EFFFFFFFF3C
:101FF000FFFFFFFF42000000FFFF7E3CFFFFFFFFEF
:102000007EFFFFFF42000000FF7E3C18FFFFFFFF46
:102010003C7EFFFF420000007E3C1800FFFFFFFFF8
:10202000183C7EFF420000003C180000FFFEFF7ECF
:1020300000183C7E42000000180000007EFC7E3C40
:102040000000183C42000000000000003C783C18F2
:10205000000000184200000000000000244824187E
:1020600000000018580200000C0000002244221258
:1020700000000C12C80000000000000024482418D2
:1020800000000018580200000000000000000000DE
:102090001824180064000000000000002424180028
:1020A000000000186400000018000000001824243C
:1020B0000000000064000000241800000000182444
:1020C00000000000C80000001800000000182424D0
:1020D000000000006400000000000000242418003C
:1020E0000000001864000000000000000000000074
:1020F00018241800640000000000000024241800C8
:1021000000000018640000001800000000182424DB
:1021100000000000640000002418000000001824E3
:1021200000000000C800000018000000001824246F
:1021300000000000640000000000000024241800DB
:1021400000000018640000004438000044828282CD
:1021500000000038640000003800000038C682C665
:102160000000000064000000000000000038C638D5
:102170000000000064000000000000000000FE00FD
:102180000000000064000000000000000038C638B5
:1021900000000000640000003800000038C682C65D
:1021A0000000000064000000443800004482828285
:1021B00000000038640000003800000038C682C605
:1021C0000000000064000000000000000038C63875
:1021D0000000000064000000000000000000FE009D
:1021E0000000000064000000000000000038C63855
:1021F00000000000640000003800000038C682C6FD
:1022000000000000640000000800000008082A1414
:1022100000000008F40100000E00000020100A0277
:1022200000000000F40100000800000008047A0427
:1022300000000000F4010000200000000E020A105F
:1022400000000000F40100000808000008142A083B
:1022500000000000F4010000020000003820280403
:1022600000000000F40100000800000008102F101A
:1022700000000000F40100003800000002042820E3
:1022800000000000F401000000E000FE00E000801B
:1022900000E000F86400000000E000F800F000C07A
:1022A00000F000FE6400000000E000F000C00080CC
:1022B00000FC00FC6400000000C000C000F00080D2
:1022C00000FE00C064000000008000F000E000C0DC
:1022D00000FC00F06400000000E000FC00F000C022
:1022E00000E000FC6400000000F000FE00E000F8E8
:1022F00000F800F06400000000E000FF00E000C013
:1023000000FF00FC6400000000F000F800C000FEC8
:1023100000FE00F06400000000E000FC00C000F0DF
:1023200000F800F064000000001010100000000031
:10233000000000004200000060101000000000805B
:1023400000000000420000006010000000106080EB
:1023500000000000420000006000000006186080DD
:1023600000000000420000004000000006186080ED
:102370000000060142000000000000000618608016
:1023800010100E014200000000000000061860005E
:1023900010100E014200000000000000061820008E
:1023A00010100E014200000000000000061800009E
:1023B00010100E014200000000000000060800009E
:1023C00010100E0142000000000000000600000096
:1023D00010100E014200000000000000020000008A
:1023E00010100E014200000000000000000000007C
:1023F00010100E014200000000000000000000006C
:1024000010100E004200000000000000000000005C
:1024100010100C004200000000000000000000004E
:102420001010080042000000000000000000000042
:10243000101000004200000000000000000000003A
:10244000100000004200000000000000000000003A
:102450000000000042000000FD1E1000101E71115F
:1024600000000000E8030000F31E1000101E7F1F94
:1024700000000000E8030000FD1E1000101E711196
:1024800000000000E8030000F31E1000101E7F1F74
:1024900000000000E80300002020201C00040810B9
:1024A00000000000640000002020221C0000081032
:1024B00000000000640000002022221C0000001028
:1024C00000000000640000002222221C0000000026
:1024D00000000000640000000222221C0000000432
:1024E00000000000640000000202221C000008043A
:1024F00000000000640000000202021C001008043A
:1025000000000000640000000202020C2010080419
:102510000000000064000000020202042010080411
:1025200000000020640000000202020020100804E5
:1025300000002020640000000202000020100804B7
:102540000010202064000000020000002010080499
:102550000018202064000000000000002010080483
:10256000001C202064000000000000002010080073
:10257000001C222064000000000000002010000069
:10258000001C222264000000000000002200000065
:10259000001C222264000000000000000204000071
:1025A000001C222264000000000000000204080059
:1025B000001C220264000000000000000204081059
:1025C000001C020264000000200000000204081049
:1025D000000C020264000000202000000204081029
:1025E0000004020264000000202020000204081001
:1025F00000000202640000002020201002040810E5
:1026000000000002640000002020201802040810CE
:10261000000000006400000032221C0014147F320D
:1026200000001014E80300002E3E1C0014147F2E3E
:1026300000001014E803000032221C0014147F3242
:1026400000001014E80300002E3E1C0014147F2E1E
:1026500000001014E8030000556E6578706563741F
:10266000656420726573706F6E7365207479706530
:1026700000556E6578706563746564205250432020
:10268000726573706F6E73652073697A6500526549
:1026900073756C74206E6F74207061727361626CFC
:1026A000652028636865636B207479706529005222
:1026B0005043204572726F72206E6F742070617289
:1026C0007361626C652028636865636B2074797040
:1026D000652900556E657870656374656420726560
:1026E00073706F6E7365207479706500556E6578D0
:1026F0007065637465642052504320726573706F17
:102700006E73652073697A6500526573756C742009
:102710006E6F74207061727361626C6520286368EB
:1027200065636B20747970652900525043204572AF
:10273000726F72206E6F74207061727361626C656B
:102740002028636865636B207479706529005F5F7A
:10275000736166655F5F00242F72656769737465D6
:1027600072006D6F6E2F72656164006D6F6E2F77F2
:1027700072697465006D6F6E2F636F6E6E65637442
:10278000656400546869732063616C6C2069732010
:102790006E6F7420796574206578656375746564FF
:1027A00000546869732063616C6C206973206E6FDC
:1027B000206C6F6E67657220617661696C61626C16
:1027C0006500004D697373696E672063616C6C20EE
:1027D000706172616D657465727320285741524E45
:1027E000494E473A2044656661756C742070617289
:1027F000616D207265736F6C7574696F6E2069739B
:10280000206E6F7420696D706C656D656E746564A3
:10281000290057726F6E672074797065207061723D
:10282000616D6574657220696E20706F736974697B
:102830006F6E3A2000556E73657269616C697A61DA
:10284000626C6520706172616D6574657273206180
:102850007272617900546F6F206D616E79207061C2
:1028600072616D65746572730000000044030000BE
:102870004002000064030000400200000404000065
:102880004002000024040000400200008407000011
:1028900040020000A407000040020000690100009F
:1028A0000000000089010000000000004703000054
:1028B000000200006703000000020000C7020000E1
:1028C00000020000E702000000020000E80C000027
:1028D00000020000080D000000020000C80C00000B
:1028E00000000000A80C000000020000A50300008A
:1028F00080050000C503000000040000E50300009F
:10290000000400002503000000020000260D000066
:1029100080050000460D000000040000A602000033
:1029200000040000860D000000020000C40B00003F
:1029300040020000E40B00004002000025060000F9
:10294000800500004504000000040000650400004C
:10295000000400009000000000000000B000000033
:1029600000000000D000000000000000F0000000A7
:10297000000000003004000000000000100400000F
:1029800000000000610200000000000041030000A0
:1029900000000000610300000000000002020000CF
:1029A000000000002202000000000000820200007F
:1029B00000000000020300000000000022030000ED
:1029C00000000000420F000000000000620F000045
:1029D00000000000820F0000000000006101000004
:1029E00000000000E103000000000000A10300005F
:1029F00000000000C10300000000000043020000CE
:102A000000000000546869732063616C6C20697376
:102A1000206E6F206C6F6E67657220617661696CE5
:102A200061626C6500546869732063616C6C206935
:102A300073206E6F74207965742065786563757492
:102A4000656400766563746F723A3A726573657295
:102A5000766500766563746F723A3A5F4D5F7261B6
:102A60006E67655F696E73657274000000766563FA
:102A7000746F723A3A5F4D5F7265616C6C6F635F41
:102A8000696E7365727400766563746F723A3A5F4B
:102A90004D5F7265616C6C6F635F696E73657274B4
:102AA0000000A8008800A80000000000000000400E
:102AB0002020202040000088705070880050502056
:102AC0007020200000202000202000304060503086
:102AD0001060500000000000007088A8C8A888702E
:102AE00060A0600000000000004890480000000066
:102AF00000F0100000000000700000000050207086
:102B00002050007088E8C8C88870F00000000000FD
:102B100000205020000000002020F82020F8006055
:102B20002040600000006060206000000020400045
:102B3000000000000000909090E08070D0D05050D5
:102B4000500000006060000000002020F8202000FD
:102B5000000000000020402060207000000040A025
:102B600040000000000000904890000080808090AD
:102B7000307010808080B0102030C0C040D03070E5
:102B80001020002040502000609090F09090006055
:102B90009090F090900000000000302040609090F5
:102BA000F0909000609090F0909000906090F09085
:102BB0009000606090F090900070A0B0E0A0B00035
:102BC00060908080906040F080E08080F000F08035
:102BD000E08080F000F080E08080F000F080E08015
:102BE00080F000000000F000000070202020207025
:102BF00000702020202070007020202020700070A5
:102C0000202020207000E050D05050E000B090D044
:102C1000B0B0900060909090906000609090909024
:102C20006000609090909060006090909090600044
:102C300000000000606000906090909060000000D4
:102C4000906060900070B0B0D0D0E0009090909014
:102C50009060009090909090600090909090906024
:102C600000900090909060005050502020200080F4
:102C7000E090E08080006090A09090A00000102084
:102C80004080000040207090B0500020407090B014
:102C9000500020507090B0500050A07090B0500084
:102CA00050007090B0500060607090B05000000014
:102CB00070B0A0700000003040403020402060B074
:102CC000C06000204060B0C06000205050505020D4
:102CD0000040A060B0C06000A00060B0C0600040D4
:102CE0002060202070002040602020700020506074
:102CF00020207000500060202070004030609090D4
:102D0000600050A0E09090900040206090906000A3
:102D100020406090906000206020202070006000C3
:102D2000609090600050A0609090600050006090B3
:102D3000906000006000F0006000000070B0D0E023
:102D40000040209090907000204090909070006023
:102D500000909090700050009090907000204090F3
:102D6000905020406090102040F0000080E0909053
:102D7000E08020202020002000F0106010906000F3
:102D80002060A0F0202000F080E0109060006080C3
:102D9000E090906000F01020204040006090609033
:102DA0009060006090907010600000606000606053
:102DB0000000606000604080001020402010005043
:102DC0005050000000000000F000F0000000402023
:102DD00010204000205010200020006090B0B080F3
:102DE0006000609090F0909000E090E09090E000A3
:102DF00060908080906000E090909090E000F08083
:102E0000E08080F000F080E0808080000050F8508A
:102E1000F85000609080B09070009090F09090908A
:102E20000070202020207000101010109060009082
:102E3000A0C0C0A090008080808080F00090F0F062
:102E40009090900090D0D0B0B09000609090909012
:102E50006000E09090E08080000070A0702870001A
:102E600060909090D06010E09090E0A09000609012
:102E700040209060007020202020200090909090B2
:102E800090600090909090606000909090F0F09032
:102E9000009090606090900050505020202000F0F2
:102EA00010204080F0008090204090100070404042
:102EB0004040700000804020100000701010101082
:102EC0007000205000000000000000000000F00032
:102ED0004020000000000000007090B05000808092
:102EE000E09090E000000060808060001010709022
:102EF0009070000040A040A05000000060B0C06092
:102F000000205040E04040000000709060807080E1
:102F100080E0909090002000602020700010001051
:102F2000101050208080A0C0A090006020202020A1
:102F300070000000A0F09090000000E090909000E1
:102F40002020200000000000006090906000000041
:102F5000E09090E080000070909070100000E09091
:102F6000808000000070C030E0004040E040403011
:102F70000000009090907000000050505020000021
:102F8000009090F0F00000009060609000204040C1
:102F900040402000000090905020400000F0204071
:102FA000F000102060202010002020202020200091
:102FB0004020302020400050A00000000000000011
:102FC000000000000020002020202000002070A031
:102FD000A07020003040E040B0004D435520737495
:102FE000617274696E67205250432042726964674F
:102FF0006520636F6D6D756E69636174696F6E00D6
:1030000062726964676500242F72657365740024B9
:103010002F7365744D61784D736753697A650067E6
:1030200065745F73746174650073686F775F69744A
:10303000656D00746578745F6F700073746F7000F5
:1030400053797374656D204865617020656E643ACC
:103050002025700A0053797374656D20486561708E
:103060002073746172743A2025700A00536B657482
:10307000636820486561702073746172743A20251A
:10308000702C2073697A652025700A006D61696E65
:01309000003F
:10890C000C000000FFFFFFFF000000000000000053
:10891C00000000000000000000000000000000004B
:10892C0000000000212600000000000000000000F4
:10893C00000000000000000000000000000000002B
:10894C00000000000000000000000000000000001B
:10895C00000000000000000000000000000000000B
:10896C0000000000000000000000000000000000FB
:10897C0000000000000000000000000000000000EB
:10898C0000000000000000000000000000000000DB
:10899C0000000000000000000000000000000000CB
:1089AC000000000028260000F22800003F290000EB
:1089BC008C290000D9290000262A0000732A000007
:1089CC00C02A00000D2B00002F2600007C26000082
:1089DC00C92600001627000063270000B0270000FE
:1089EC00FD2700004A28000097280000E42800001A
:1089FC00F928000000290000072900000E290000BA
:108A0C00152900001C290000232900002A29000038
:108A1C003129000038290000462900004D290000AA
:108A2C00542900005B29000062290000692900001C
:108A3C0070290000772900007E290000852900009C
:108A4C00932900009A290000A1290000A829000000
:108A5C00AF290000B6290000BD290000C429000080
:108A6C00CB290000D2290000E0290000E7290000F2
:108A7C00EE290000F5290000FC290000032A000063
:108A8C000A2A0000112A0000182A00001F2A0000E0
:108A9C002D2A0000342A00003B2A0000422A000044
:108AAC00492A0000502A0000572A00005E2A0000C4
:108ABC00652A00006C2A00007A2A0000812A000036
:108ACC00882A00008F2A0000962A00009D2A0000A8
:108ADC00A42A0000AB2A0000B22A0000B92A000028
:108AEC00C72A0000CE2A0000D52A0000DC2A00008C
:108AFC00E32A0000EA2A0000F12A0000F82A00000C
:108B0C00FF2A0000062B0000142B00001B2B00007A
:108B1C00222B0000292B0000302B0000372B0000EB
:108B2C000000000000000000000000000000000039
:108B3C000000000000000000000000000000000029
:108B4C000000000000000000000000000000000019
:108B5C000000000000000000000000000000000009
:108B6C0000000000000000000000000000000000F9
:108B7C0000000000000000000000000000000000E9
:108B8C0000000000000000000000000000000000D9
:108B9C0000000000000000000000000000000000C9
:108BAC00000000003E2B0000452B00004C2B000069
:108BBC00532B0000362600003D2600004426000002
:108BCC004B260000522600005926000060260000AB
:108BDC00672600006E260000752600008326000024
:108BEC008A26000091260000982600009F2600008F
:108BFC00A6260000AD260000B4260000BB2600000F
:108C0C00C2260000D0260000D7260000DE26000079
:108C1C00E5260000EC260000F3260000FA260000F2
:108C2C0001270000082700000F2700001D27000067
:108C3C00242700002B2700003227000039270000D2
:108C4C0040270000472700004E2700005527000052
:108C5C005C2700006A2700007127000078270000BD
:108C6C007F270000862700008D2700009427000036
:108C7C009B270000A2270000A9270000B7270000AF
:108C8C00BE270000C5270000CC270000D32700001A
:108C9C00DA270000E1270000E8270000EF2700009A
:108CAC00F6270000042800000B2800001228000002
:108CBC001928000020280000272800002E2800007A
:108CCC00352800003C2800004328000051280000F3
:108CDC00582800005F280000662800006D2800005E
:108CEC00742800007B2800008228000089280000DE
:108CFC00902800009E280000A5280000AC28000049
:108D0C00B3280000BA280000C1280000C8280000C1
:108D1C00CF280000D6280000DD280000EB2800003A
:08AC10000C2C00000000000004
:10AC1800000000000000000000000000000000002C
:10AC2800000000000000000000000000000000001C
:10AC3800000000000000000000000000000000000C
:10AC480000000000000000000000000000000000FC
:04AC580000000000F8
:10AC5C0000000000000000000000000000000000E8
:10AC6C0000000000000000000000000000000000D8
:10AC7C0000000000000000000000000000000000C8
:10AC8C0000000000000000000000000000000000B8
:04000003000082F97E
:00000001FF
